desired path: x position,desired path: y position,robot position: x position,robot position: y position,Desired Position: x (m),Desired Position: y (m),Actual Position: x (m),Actual Position: y (m),Desired X-Pos vs. Time: time(s),Desired X-Pos vs. Time: x (m),Actual X-Pos vs. Time: time(s),Actual X-Pos vs. Time: x (m),Desired Y-Pos vs. Time: time(s),Desired Y-Pos vs. Time: y (m),Actual Y-Pos vs. Time: time(s),Actual Y-Pos vs. Time: y (m),Desired Theta vs. Time: time(s),Desired Theta vs. Time: theta (rads),Theta vs. Time: time(s),Theta vs. Time: theta (rads),Robot Velocity: time (s),Robot Velocity: velocity (m/s),Position: x (m)1,Position: y (m)1,Position: x (m)2,Position: y (m)2,X-Pos vs. Time: time(s)1,X-Pos vs. Time: x (m)1,X-Pos vs. Time: time(s)2,X-Pos vs. Time: x (m)2,Y-Pos vs. Time: time(s)1,Y-Pos vs. Time: y (m)1,Y-Pos vs. Time: time(s)2,Y-Pos vs. Time: y (m)2,Theta vs. Theta Des: time(s)1,Theta vs. Theta Des: theta (rad)1,Theta vs. Theta Des: time(s)2,Theta vs. Theta Des: theta (rad)2
0.0980640640258789,0.19697864532470705,0.06853353658536586,0.05110975609756098,0.0980640640258789,0.19697864532470705,0.06853353658536586,0.05110975609756098,0.06383681297302246,0.0980640640258789,0.06383681297302246,0.06853353658536586,0.06383681297302246,0.19697864532470705,0.06383681297302246,0.05110975609756098,0.06383681297302246,0.0,0.06383681297302246,0.38549386692932924,0.43563103675842285,0.006586538498668275,0.0980640640258789,0.19697864532470705,0.06853353658536586,0.05110975609756098,0.06383681297302246,0.0980640640258789,0.06383681297302246,0.06853353658536586,0.06383681297302246,0.19697864532470705,0.06383681297302246,0.05110975609756098,0.06383681297302246,0.0,0.06383681297302246,0.38549386692932924
0.11591018676757812,0.19102993774414062,0.06775914634146342,0.0534329268292683,0.11591018676757812,0.19102993774414062,0.06775914634146342,0.0534329268292683,0.43563103675842285,0.11591018676757812,0.43563103675842285,0.06775914634146342,0.43563103675842285,0.19102993774414062,0.43563103675842285,0.0534329268292683,0.43563103675842285,0.0,0.43563103675842285,0.29271307522399703,0.6845309734344482,0.05719965863222509,0.11591018676757812,0.19102993774414062,0.06775914634146342,0.0534329268292683,0.43563103675842285,0.11591018676757812,0.43563103675842285,0.06775914634146342,0.43563103675842285,0.19102993774414062,0.43563103675842285,0.0534329268292683,0.43563103675842285,0.0,0.43563103675842285,0.29271307522399703
0.12748832607269286,0.18704753875732422,0.08092378048780488,0.05885365853658537,0.12748832607269286,0.18704753875732422,0.08092378048780488,0.05885365853658537,0.6845309734344482,0.12748832607269286,0.6845309734344482,0.08092378048780488,0.6845309734344482,0.18704753875732422,0.6845309734344482,0.05885365853658537,0.6845309734344482,0.0,0.6845309734344482,0.4695999196553978,0.8698430061340332,0.16432215027097427,0.12748832607269286,0.18704753875732422,0.08092378048780488,0.05885365853658537,0.6845309734344482,0.12748832607269286,0.6845309734344482,0.08092378048780488,0.6845309734344482,0.18704753875732422,0.6845309734344482,0.05885365853658537,0.6845309734344482,0.0,0.6845309734344482,0.4695999196553978
0.13601267957687377,0.18408254623413087,0.10376829268292684,0.07898780487804878,0.13601267957687377,0.18408254623413087,0.10376829268292684,0.07898780487804878,0.8698430061340332,0.13601267957687377,0.8698430061340332,0.10376829268292684,0.8698430061340332,0.18408254623413087,0.8698430061340332,0.07898780487804878,0.8698430061340332,0.0,0.8698430061340332,0.9167136023805363,1.0789599418640137,0.14487295996379254,0.13601267957687377,0.18408254623413087,0.10376829268292684,0.07898780487804878,0.8698430061340332,0.13601267957687377,0.8698430061340332,0.10376829268292684,0.8698430061340332,0.18408254623413087,0.8698430061340332,0.07898780487804878,0.8698430061340332,0.0,0.8698430061340332,0.9167136023805363
0.14578997421264647,0.18073667526245116,0.1227408536585366,0.10260670731707316,0.14578997421264647,0.18073667526245116,0.1227408536585366,0.10260670731707316,1.0789599418640137,0.14578997421264647,1.0789599418640137,0.1227408536585366,1.0789599418640137,0.18073667526245116,1.0789599418640137,0.10260670731707316,1.0789599418640137,0.0,1.0789599418640137,1.043650383208487,1.262665033340454,0.14352489308890773,0.14578997421264647,0.18073667526245116,0.1227408536585366,0.10260670731707316,1.0789599418640137,0.14578997421264647,1.0789599418640137,0.1227408536585366,1.0789599418640137,0.18073667526245116,1.0789599418640137,0.10260670731707316,1.0789599418640137,0.0,1.0789599418640137,1.043650383208487
0.15460781860351563,0.1777973937988281,0.13590548780487804,0.12545121951219512,0.15460781860351563,0.1777973937988281,0.13590548780487804,0.12545121951219512,1.262665033340454,0.15460781860351563,1.262665033340454,0.13590548780487804,1.262665033340454,0.1777973937988281,1.262665033340454,0.12545121951219512,1.262665033340454,0.0,1.262665033340454,1.2026655554697327,1.4599289894104004,0.08867549900865258,0.15460781860351563,0.1777973937988281,0.13590548780487804,0.12545121951219512,1.262665033340454,0.15460781860351563,1.262665033340454,0.13590548780487804,1.262665033340454,0.1777973937988281,1.262665033340454,0.12545121951219512,1.262665033340454,0.0,1.262665033340454,1.2026655554697327
0.16407648849487305,0.17464117050170896,0.14403658536585368,0.14093902439024392,0.16407648849487305,0.17464117050170896,0.14403658536585368,0.14093902439024392,1.4599289894104004,0.16407648849487305,1.4599289894104004,0.14403658536585368,1.4599289894104004,0.17464117050170896,1.4599289894104004,0.14093902439024392,1.4599289894104004,0.0,1.4599289894104004,1.2818209168023305,1.6598258018493652,0.20682140361257262,0.16407648849487305,0.17464117050170896,0.14403658536585368,0.14093902439024392,1.4599289894104004,0.16407648849487305,1.4599289894104004,0.14403658536585368,1.4599289894104004,0.17464117050170896,1.4599289894104004,0.14093902439024392,1.4599289894104004,0.0,1.4599289894104004,1.2818209168023305
0.17367153549194336,0.17144282150268556,0.15952439024390244,0.17927134146341467,0.17367153549194336,0.17144282150268556,0.15952439024390244,0.17927134146341467,1.6598258018493652,0.17367153549194336,1.6598258018493652,0.15952439024390244,1.6598258018493652,0.17144282150268556,1.6598258018493652,0.17927134146341467,1.6598258018493652,0.0,1.6598258018493652,2.79856871316909,1.8539080619812012,0.1263328293025864,0.17367153549194336,0.17144282150268556,0.15952439024390244,0.17927134146341467,1.6598258018493652,0.17367153549194336,1.6598258018493652,0.15952439024390244,1.6598258018493652,0.17144282150268556,1.6598258018493652,0.17927134146341467,1.6598258018493652,0.0,1.6598258018493652,2.79856871316909
0.1829874839782715,0.16833750534057618,0.1506189024390244,0.15642682926829268,0.1829874839782715,0.16833750534057618,0.1506189024390244,0.15642682926829268,1.8539080619812012,0.1829874839782715,1.8539080619812012,0.1506189024390244,1.8539080619812012,0.16833750534057618,1.8539080619812012,0.15642682926829268,1.8539080619812012,0.0,1.8539080619812012,1.1538982563850029,2.053449869155884,0.009894244771817865,0.1829874839782715,0.16833750534057618,0.1506189024390244,0.15642682926829268,1.8539080619812012,0.1829874839782715,1.8539080619812012,0.1506189024390244,1.8539080619812012,0.16833750534057618,1.8539080619812012,0.15642682926829268,1.8539080619812012,0.0,1.8539080619812012,1.1538982563850029
0.1924585952758789,0.16514483642578126,0.1486829268292683,0.1568140243902439,0.1924585952758789,0.16514483642578126,0.1486829268292683,0.1568140243902439,2.053449869155884,0.1924585952758789,2.053449869155884,0.1486829268292683,2.053449869155884,0.16514483642578126,2.053449869155884,0.1568140243902439,2.053449869155884,0.0,2.053449869155884,1.253160975505366,2.250143051147461,0.07699921303063414,0.1924585952758789,0.16514483642578126,0.1486829268292683,0.1568140243902439,2.053449869155884,0.1924585952758789,2.053449869155884,0.1486829268292683,2.053449869155884,0.16514483642578126,2.053449869155884,0.1568140243902439,2.053449869155884,0.0,2.053449869155884,1.253160975505366
0.20150648164749146,0.16199774551391602,0.13358231707317075,0.15797560975609756,0.20150648164749146,0.16199774551391602,0.13358231707317075,0.15797560975609756,2.250143051147461,0.20150648164749146,2.250143051147461,0.13358231707317075,2.250143051147461,0.16199774551391602,2.250143051147461,0.15797560975609756,2.250143051147461,0.0,2.250143051147461,2.069112121005203,2.4878320693969727,0.05666481113090004,0.20150648164749146,0.16199774551391602,0.13358231707317075,0.15797560975609756,2.250143051147461,0.20150648164749146,2.250143051147461,0.13358231707317075,2.250143051147461,0.16199774551391602,2.250143051147461,0.15797560975609756,2.250143051147461,0.0,2.250143051147461,2.069112121005203
0.212440176486969,0.15819472122192382,0.13784146341463416,0.1707530487804878,0.212440176486969,0.15819472122192382,0.13784146341463416,0.1707530487804878,2.4878320693969727,0.212440176486969,2.4878320693969727,0.13784146341463416,2.4878320693969727,0.15819472122192382,2.4878320693969727,0.1707530487804878,2.4878320693969727,0.0,2.4878320693969727,1.8561257469770323,2.6791439056396484,0.0847623193124618,0.212440176486969,0.15819472122192382,0.13784146341463416,0.1707530487804878,2.4878320693969727,0.212440176486969,2.4878320693969727,0.13784146341463416,2.4878320693969727,0.15819472122192382,2.4878320693969727,0.1707530487804878,2.4878320693969727,0.0,2.4878320693969727,1.8561257469770323
0.22159880447387695,0.1554920153617859,0.15139329268292684,0.17965853658536585,0.22159880447387695,0.1554920153617859,0.15139329268292684,0.17965853658536585,2.6791439056396484,0.22159880447387695,2.6791439056396484,0.15139329268292684,2.6791439056396484,0.1554920153617859,2.6791439056396484,0.17965853658536585,2.6791439056396484,0.0,2.6791439056396484,1.3507346241613318,2.8767318725585938,0.10569178807670548,0.22159880447387695,0.1554920153617859,0.15139329268292684,0.17965853658536585,2.6791439056396484,0.22159880447387695,2.6791439056396484,0.15139329268292684,2.6791439056396484,0.1554920153617859,2.6791439056396484,0.17965853658536585,2.6791439056396484,0.0,2.6791439056396484,1.3507346241613318
0.2310830268859863,0.15272578382492066,0.17191463414634148,0.18353048780487807,0.2310830268859863,0.15272578382492066,0.17191463414634148,0.18353048780487807,2.8767318725585938,0.2310830268859863,2.8767318725585938,0.17191463414634148,2.8767318725585938,0.15272578382492066,2.8767318725585938,0.18353048780487807,2.8767318725585938,0.0,2.8767318725585938,0.5807563535676705,3.075711965560913,0.09413002552023834,0.2310830268859863,0.15272578382492066,0.17191463414634148,0.18353048780487807,2.8767318725585938,0.2310830268859863,2.8767318725585938,0.17191463414634148,2.8767318725585938,0.15272578382492066,2.8767318725585938,0.18353048780487807,2.8767318725585938,0.0,2.8767318725585938,0.5807563535676705
0.24063407135009765,0.14978864288330077,0.18817682926829268,0.1742378048780488,0.24063407135009765,0.14978864288330077,0.18817682926829268,0.1742378048780488,3.075711965560913,0.24063407135009765,3.075711965560913,0.18817682926829268,3.075711965560913,0.14978864288330077,3.075711965560913,0.1742378048780488,3.075711965560913,0.0,3.075711965560913,-0.051237167403418854,3.273452043533325,0.0900939452332399,0.24063407135009765,0.14978864288330077,0.18817682926829268,0.1742378048780488,3.075711965560913,0.24063407135009765,3.075711965560913,0.18817682926829268,3.075711965560913,0.14978864288330077,3.075711965560913,0.1742378048780488,3.075711965560913,0.0,3.075711965560913,-0.051237167403418854
0.25012559509277343,0.14662480163574218,0.20134146341463416,0.162234756097561,0.25012559509277343,0.14662480163574218,0.20134146341463416,0.162234756097561,3.273452043533325,0.25012559509277343,3.273452043533325,0.20134146341463416,3.273452043533325,0.14662480163574218,3.273452043533325,0.162234756097561,3.273452043533325,0.0,3.273452043533325,-0.4405303406165135,3.4711389541625977,0.05823419753215444,0.25012559509277343,0.14662480163574218,0.20134146341463416,0.162234756097561,3.273452043533325,0.25012559509277343,3.273452043533325,0.20134146341463416,3.273452043533325,0.14662480163574218,3.273452043533325,0.162234756097561,3.273452043533325,0.0,3.273452043533325,-0.4405303406165135
0.2596145668029785,0.14346181106567382,0.20908536585365856,0.15371646341463416,0.2596145668029785,0.14346181106567382,0.20908536585365856,0.15371646341463416,3.4711389541625977,0.2596145668029785,3.4711389541625977,0.20908536585365856,3.4711389541625977,0.14346181106567382,3.4711389541625977,0.15371646341463416,3.4711389541625977,0.0,3.4711389541625977,-0.5337081916392614,3.6693150997161865,0.05257118700175702,0.2596145668029785,0.14346181106567382,0.20908536585365856,0.15371646341463416,3.4711389541625977,0.2596145668029785,3.4711389541625977,0.20908536585365856,3.4711389541625977,0.14346181106567382,3.4711389541625977,0.15371646341463416,3.4711389541625977,0.0,3.4711389541625977,-0.5337081916392614
0.2687883958816528,0.1402909927368164,0.21682926829268295,0.1467469512195122,0.2687883958816528,0.1402909927368164,0.21682926829268295,0.1467469512195122,3.6693150997161865,0.2687883958816528,3.6693150997161865,0.21682926829268295,3.6693150997161865,0.1402909927368164,3.6693150997161865,0.1467469512195122,3.6693150997161865,0.0,3.6693150997161865,-0.4297622790966883,3.8674187660217285,0.05748379314016095,0.2687883958816528,0.1402909927368164,0.21682926829268295,0.1467469512195122,3.6693150997161865,0.2687883958816528,3.6693150997161865,0.21682926829268295,3.6693150997161865,0.1402909927368164,3.6693150997161865,0.1467469512195122,3.6693150997161865,0.0,3.6693150997161865,-0.4297622790966883
0.27790116453170777,0.13712133407592775,0.2276707317073171,0.1432621951219512,0.27790116453170777,0.13712133407592775,0.2276707317073171,0.1432621951219512,3.8674187660217285,0.27790116453170777,3.8674187660217285,0.2276707317073171,3.8674187660217285,0.13712133407592775,3.8674187660217285,0.1432621951219512,3.8674187660217285,0.0,3.8674187660217285,-0.2889754099925661,4.065615177154541,0.05442080375465877,0.27790116453170777,0.13712133407592775,0.2276707317073171,0.1432621951219512,3.8674187660217285,0.27790116453170777,3.8674187660217285,0.2276707317073171,3.8674187660217285,0.13712133407592775,3.8674187660217285,0.1432621951219512,3.8674187660217285,0.0,3.8674187660217285,-0.2889754099925661
0.2871494255065918,0.13395019149780274,0.2377378048780488,0.13939024390243904,0.2871494255065918,0.13395019149780274,0.2377378048780488,0.13939024390243904,4.065615177154541,0.2871494255065918,4.065615177154541,0.2377378048780488,4.065615177154541,0.13395019149780274,4.065615177154541,0.13939024390243904,4.065615177154541,0.0,4.065615177154541,-0.21293834957939733,4.266185998916626,0.05111179489565707,0.2871494255065918,0.13395019149780274,0.2377378048780488,0.13939024390243904,4.065615177154541,0.2871494255065918,4.065615177154541,0.2377378048780488,4.065615177154541,0.13395019149780274,4.065615177154541,0.13939024390243904,4.065615177154541,0.0,4.065615177154541,-0.21293834957939733
0.29677682495117186,0.1307410583496094,0.24780487804878049,0.13745426829268292,0.29677682495117186,0.1307410583496094,0.24780487804878049,0.13745426829268292,4.266185998916626,0.29677682495117186,4.266185998916626,0.24780487804878049,4.266185998916626,0.1307410583496094,4.266185998916626,0.13745426829268292,4.266185998916626,0.0,4.266185998916626,-0.24497866312686425,4.461285829544067,0.05398695647668097,0.29677682495117186,0.1307410583496094,0.24780487804878049,0.13745426829268292,4.266185998916626,0.29677682495117186,4.266185998916626,0.24780487804878049,4.266185998916626,0.1307410583496094,4.266185998916626,0.13745426829268292,4.266185998916626,0.0,4.266185998916626,-0.24497866312686425
0.30614161682128904,0.1276194610595703,0.25787195121951223,0.13435670731707317,0.30614161682128904,0.1276194610595703,0.25787195121951223,0.13435670731707317,4.461285829544067,0.30614161682128904,4.461285829544067,0.25787195121951223,4.461285829544067,0.1276194610595703,4.461285829544067,0.13435670731707317,4.461285829544067,0.0,4.461285829544067,-0.1948639196888722,4.7255799770355225,0.04407239183712531,0.30614161682128904,0.1276194610595703,0.25787195121951223,0.13435670731707317,4.461285829544067,0.30614161682128904,4.461285829544067,0.25787195121951223,4.461285829544067,0.1276194610595703,4.461285829544067,0.13435670731707317,4.461285829544067,0.0,4.461285829544067,-0.1948639196888722
0.31882773590087893,0.12339075469970703,0.26910060975609756,0.1312591463414634,0.31882773590087893,0.12339075469970703,0.26910060975609756,0.1312591463414634,4.7255799770355225,0.31882773590087893,4.7255799770355225,0.26910060975609756,4.7255799770355225,0.12339075469970703,4.7255799770355225,0.1312591463414634,4.7255799770355225,0.0,4.7255799770355225,-0.16725393746226133,4.922976016998291,0.18717819904797645,0.31882773590087893,0.12339075469970703,0.26910060975609756,0.1312591463414634,4.7255799770355225,0.31882773590087893,4.7255799770355225,0.26910060975609756,4.7255799770355225,0.12339075469970703,4.7255799770355225,0.1312591463414634,4.7255799770355225,0.0,4.7255799770355225,-0.16725393746226133
0.3283027458190918,0.12023241806030273,0.30588414634146344,0.12777439024390244,0.3283027458190918,0.12023241806030273,0.30588414634146344,0.12777439024390244,4.922976016998291,0.3283027458190918,4.922976016998291,0.30588414634146344,4.922976016998291,0.12023241806030273,4.922976016998291,0.12777439024390244,4.922976016998291,0.0,4.922976016998291,-1.4464413322481349,5.122025012969971,0.09968211564236298,0.3283027458190918,0.12023241806030273,0.30588414634146344,0.12777439024390244,4.922976016998291,0.3283027458190918,4.922976016998291,0.30588414634146344,4.922976016998291,0.12023241806030273,4.922976016998291,0.12777439024390244,4.922976016998291,0.0,4.922976016998291,-1.4464413322481349
0.3376130518913269,0.11704763412475586,0.28613719512195124,0.12583841463414636,0.3376130518913269,0.11704763412475586,0.28613719512195124,0.12583841463414636,5.122025012969971,0.3376130518913269,5.122025012969971,0.28613719512195124,5.122025012969971,0.11704763412475586,5.122025012969971,0.12583841463414636,5.122025012969971,0.0,5.122025012969971,-0.09065988720074501,5.320026874542236,0.013827561730985748,0.3376130518913269,0.11704763412475586,0.28613719512195124,0.12583841463414636,5.122025012969971,0.3376130518913269,5.122025012969971,0.28613719512195124,5.122025012969971,0.11704763412475586,5.122025012969971,0.12583841463414636,5.122025012969971,0.0,5.122025012969971,-0.09065988720074501
0.34672113752365114,0.11387960433959961,0.28807317073170735,0.12777439024390244,0.34672113752365114,0.11387960433959961,0.28807317073170735,0.12777439024390244,5.320026874542236,0.34672113752365114,5.320026874542236,0.28807317073170735,5.320026874542236,0.11387960433959961,5.320026874542236,0.12777439024390244,5.320026874542236,0.0,5.320026874542236,-0.025635408521677505,5.517010927200317,0.02486330172925871,0.34672113752365114,0.11387960433959961,0.28807317073170735,0.12777439024390244,5.320026874542236,0.34672113752365114,5.320026874542236,0.28807317073170735,5.320026874542236,0.11387960433959961,5.320026874542236,0.12777439024390244,5.320026874542236,0.0,5.320026874542236,-0.025635408521677505
0.35581642150878906,0.11076187705993652,0.28962195121951223,0.13242073170731708,0.35581642150878906,0.11076187705993652,0.28962195121951223,0.13242073170731708,5.517010927200317,0.35581642150878906,5.517010927200317,0.28962195121951223,5.517010927200317,0.11076187705993652,5.517010927200317,0.13242073170731708,5.517010927200317,0.0,5.517010927200317,0.2267988480538861,5.715497970581055,0.06290923213696398,0.35581642150878906,0.11076187705993652,0.28962195121951223,0.13242073170731708,5.517010927200317,0.35581642150878906,5.517010927200317,0.28962195121951223,5.517010927200317,0.11076187705993652,5.517010927200317,0.13242073170731708,5.517010927200317,0.0,5.517010927200317,0.2267988480538861
0.36534379959106444,0.1079830584526062,0.3020121951219512,0.1308719512195122,0.36534379959106444,0.1079830584526062,0.3020121951219512,0.1308719512195122,5.715497970581055,0.36534379959106444,5.715497970581055,0.3020121951219512,5.715497970581055,0.1079830584526062,5.715497970581055,0.1308719512195122,5.715497970581055,0.0,5.715497970581055,0.10220671810725362,5.91390585899353,0.07732514950437817,0.36534379959106444,0.1079830584526062,0.3020121951219512,0.1308719512195122,5.715497970581055,0.36534379959106444,5.715497970581055,0.3020121951219512,5.715497970581055,0.1079830584526062,5.715497970581055,0.1308719512195122,5.715497970581055,0.0,5.715497970581055,0.10220671810725362
0.37486737823486327,0.10520534801483154,0.3171128048780488,0.12816158536585365,0.37486737823486327,0.10520534801483154,0.3171128048780488,0.12816158536585365,5.91390585899353,0.37486737823486327,5.91390585899353,0.3171128048780488,5.91390585899353,0.10520534801483154,5.91390585899353,0.12816158536585365,5.91390585899353,0.0,5.91390585899353,0.01265755183405198,6.110568046569824,0.08376224309667873,0.37486737823486327,0.10520534801483154,0.3171128048780488,0.12816158536585365,5.91390585899353,0.37486737823486327,5.91390585899353,0.3171128048780488,5.91390585899353,0.10520534801483154,5.91390585899353,0.12816158536585365,5.91390585899353,0.0,5.91390585899353,0.01265755183405198
0.3843071632385254,0.1022309455871582,0.33221341463414633,0.12157926829268292,0.3843071632385254,0.1022309455871582,0.33221341463414633,0.12157926829268292,6.110568046569824,0.3843071632385254,6.110568046569824,0.33221341463414633,6.110568046569824,0.1022309455871582,6.110568046569824,0.12157926829268292,6.110568046569824,0.0,6.110568046569824,-0.17759616728348768,6.309743881225586,0.07501369880387647,0.3843071632385254,0.1022309455871582,0.33221341463414633,0.12157926829268292,6.110568046569824,0.3843071632385254,6.110568046569824,0.33221341463414633,6.110568046569824,0.1022309455871582,6.110568046569824,0.12157926829268292,6.110568046569824,0.0,6.110568046569824,-0.17759616728348768
0.393867603302002,0.09904413223266602,0.3449908536585366,0.11383536585365855,0.393867603302002,0.09904413223266602,0.3449908536585366,0.11383536585365855,6.309743881225586,0.393867603302002,6.309743881225586,0.3449908536585366,6.309743881225586,0.09904413223266602,6.309743881225586,0.11383536585365855,6.309743881225586,0.0,6.309743881225586,-0.24175286786424308,6.507898807525635,0.06206840519462828,0.393867603302002,0.09904413223266602,0.3449908536585366,0.11383536585365855,6.309743881225586,0.393867603302002,6.309743881225586,0.3449908536585366,6.309743881225586,0.09904413223266602,6.309743881225586,0.11383536585365855,6.309743881225586,0.0,6.309743881225586,-0.24175286786424308
0.4033632464408875,0.09587365341186524,0.35583231707317076,0.10802743902439024,0.4033632464408875,0.09587365341186524,0.35583231707317076,0.10802743902439024,6.507898807525635,0.4033632464408875,6.507898807525635,0.35583231707317076,6.507898807525635,0.09587365341186524,6.507898807525635,0.10802743902439024,6.507898807525635,0.0,6.507898807525635,-0.2975617247378058,6.705635070800781,0.20316578544827002,0.4033632464408875,0.09587365341186524,0.35583231707317076,0.10802743902439024,6.507898807525635,0.4033632464408875,6.507898807525635,0.35583231707317076,6.507898807525635,0.09587365341186524,6.507898807525635,0.10802743902439024,6.507898807525635,0.0,6.507898807525635,-0.2975617247378058
0.4124591145515442,0.09270987319946289,0.39532621951219515,0.10067073170731708,0.4124591145515442,0.09270987319946289,0.39532621951219515,0.10067073170731708,6.705635070800781,0.4124591145515442,6.705635070800781,0.39532621951219515,6.705635070800781,0.09270987319946289,6.705635070800781,0.10067073170731708,6.705635070800781,0.0,6.705635070800781,-2.214297435588179,6.903090953826904,0.12367792461983582,0.4124591145515442,0.09270987319946289,0.39532621951219515,0.10067073170731708,6.705635070800781,0.4124591145515442,6.705635070800781,0.39532621951219515,6.705635070800781,0.09270987319946289,6.705635070800781,0.10067073170731708,6.705635070800781,0.0,6.705635070800781,-2.214297435588179
0.4215420851707459,0.08955057907104491,0.37093292682926826,0.10183231707317073,0.4215420851707459,0.08955057907104491,0.37093292682926826,0.10183231707317073,6.903090953826904,0.4215420851707459,6.903090953826904,0.37093292682926826,6.903090953826904,0.08955057907104491,6.903090953826904,0.10183231707317073,6.903090953826904,0.0,6.903090953826904,-0.3177980058098921,7.100980997085571,0.029930492457620205,0.4215420851707459,0.08955057907104491,0.37093292682926826,0.10183231707317073,6.903090953826904,0.4215420851707459,6.903090953826904,0.37093292682926826,6.903090953826904,0.08955057907104491,6.903090953826904,0.10183231707317073,6.903090953826904,0.0,6.903090953826904,-0.3177980058098921
0.43084698486328127,0.08638433837890624,0.3767408536585366,0.1029939024390244,0.43084698486328127,0.08638433837890624,0.3767408536585366,0.1029939024390244,7.100980997085571,0.43084698486328127,7.100980997085571,0.3767408536585366,7.100980997085571,0.08638433837890624,7.100980997085571,0.1029939024390244,7.100980997085571,0.0,7.100980997085571,-0.2101825866621694,7.29931116104126,0.04977345460265725,0.43084698486328127,0.08638433837890624,0.3767408536585366,0.1029939024390244,7.100980997085571,0.43084698486328127,7.100980997085571,0.3767408536585366,7.100980997085571,0.08638433837890624,7.100980997085571,0.1029939024390244,7.100980997085571,0.0,7.100980997085571,-0.2101825866621694
0.4403668327331543,0.08321105575561523,0.3748048780487805,0.11267378048780488,0.4403668327331543,0.08321105575561523,0.3748048780487805,0.11267378048780488,7.29931116104126,0.4403668327331543,7.29931116104126,0.3748048780487805,7.29931116104126,0.08321105575561523,7.29931116104126,0.11267378048780488,7.29931116104126,0.0,7.29931116104126,0.27651394661747414,7.497168779373169,0.05373568298063127,0.4403668327331543,0.08321105575561523,0.3748048780487805,0.11267378048780488,7.29931116104126,0.4403668327331543,7.29931116104126,0.3748048780487805,7.29931116104126,0.08321105575561523,7.29931116104126,0.11267378048780488,7.29931116104126,0.0,7.29931116104126,0.27651394661747414
0.44986399841308594,0.0800453338623047,0.3852591463414634,0.1107378048780488,0.44986399841308594,0.0800453338623047,0.3852591463414634,0.1107378048780488,7.497168779373169,0.44986399841308594,7.497168779373169,0.3852591463414634,7.497168779373169,0.0800453338623047,7.497168779373169,0.1107378048780488,7.497168779373169,0.0,7.497168779373169,0.20487671703710833,7.695129871368408,0.08614913107833819,0.44986399841308594,0.0800453338623047,0.3852591463414634,0.1107378048780488,7.497168779373169,0.44986399841308594,7.497168779373169,0.3852591463414634,7.497168779373169,0.0800453338623047,7.497168779373169,0.1107378048780488,7.497168779373169,0.0,7.497168779373169,0.20487671703710833
0.45,0.08,0.4022957317073171,0.10996341463414634,0.45,0.08,0.4022957317073171,0.10996341463414634,7.695129871368408,0.45,7.695129871368408,0.4022957317073171,7.695129871368408,0.08,7.695129871368408,0.10996341463414634,7.695129871368408,0.0,7.695129871368408,0.05190139845817303,7.8927390575408936,0.08912570803271623,0.45,0.08,0.4022957317073171,0.10996341463414634,7.695129871368408,0.45,7.695129871368408,0.4022957317073171,7.695129871368408,0.08,7.695129871368408,0.10996341463414634,7.695129871368408,0.0,7.695129871368408,0.05190139845817303
0.45,0.08,0.41700914634146347,0.10028353658536586,0.45,0.08,0.41700914634146347,0.10028353658536586,7.8927390575408936,0.45,7.8927390575408936,0.41700914634146347,7.8927390575408936,0.08,7.8927390575408936,0.10028353658536586,7.8927390575408936,0.0,7.8927390575408936,-0.163095292210241,8.091875076293945,0.07550587205410275,0.45,0.08,0.41700914634146347,0.10028353658536586,7.8927390575408936,0.45,7.8927390575408936,0.41700914634146347,7.8927390575408936,0.08,7.8927390575408936,0.10028353658536586,7.8927390575408936,0.0,7.8927390575408936,-0.163095292210241
0.45,0.08,0.42939939024390245,0.09176524390243904,0.45,0.08,0.42939939024390245,0.09176524390243904,8.091875076293945,0.45,8.091875076293945,0.42939939024390245,8.091875076293945,0.08,8.091875076293945,0.09176524390243904,8.091875076293945,0.0,8.091875076293945,-0.32175055439664213,8.28951907157898,0.04673071070666883,0.45,0.08,0.42939939024390245,0.09176524390243904,8.091875076293945,0.45,8.091875076293945,0.42939939024390245,8.091875076293945,0.08,8.091875076293945,0.09176524390243904,8.091875076293945,0.0,8.091875076293945,-0.32175055439664213
0.45,0.08,0.43714329268292684,0.08673170731707318,0.45,0.08,0.43714329268292684,0.08673170731707318,8.28951907157898,0.45,8.28951907157898,0.43714329268292684,8.28951907157898,0.08,8.28951907157898,0.08673170731707318,8.28951907157898,0.0,8.28951907157898,-0.43587697240738527,8.486989974975586,0.0168671856134015,0.45,0.08,0.43714329268292684,0.08673170731707318,8.28951907157898,0.45,8.28951907157898,0.43714329268292684,8.28951907157898,0.08,8.28951907157898,0.08673170731707318,8.28951907157898,0.0,8.28951907157898,-0.43587697240738527
0.45,0.08,0.43907926829268296,0.08402134146341464,0.45,0.08,0.43907926829268296,0.08402134146341464,8.486989974975586,0.45,8.486989974975586,0.43907926829268296,8.486989974975586,0.08,8.486989974975586,0.08402134146341464,8.486989974975586,0.0,8.486989974975586,-0.5083106250108272,8.685235023498535,0.011718682252174307,0.45,0.08,0.43907926829268296,0.08402134146341464,8.486989974975586,0.45,8.486989974975586,0.43907926829268296,8.486989974975586,0.08,8.486989974975586,0.08402134146341464,8.486989974975586,0.0,8.486989974975586,-0.5083106250108272
0.442,0.13,0.43907926829268296,0.08169817073170732,0.442,0.13,0.43907926829268296,0.08169817073170732,8.685235023498535,0.442,8.685235023498535,0.43907926829268296,8.685235023498535,0.13,8.685235023498535,0.08169817073170732,8.685235023498535,0.0,8.685235023498535,-0.486242633087505,8.919490098953247,0.00739189630413456,0.442,0.13,0.43907926829268296,0.08169817073170732,8.685235023498535,0.442,8.685235023498535,0.43907926829268296,8.685235023498535,0.13,8.685235023498535,0.08169817073170732,8.685235023498535,0.0,8.685235023498535,-0.486242633087505
0.44293702030181886,0.14124424362182617,0.4406280487804878,0.08247256097560976,0.44293702030181886,0.14124424362182617,0.4406280487804878,0.08247256097560976,8.919490098953247,0.44293702030181886,8.919490098953247,0.4406280487804878,8.919490098953247,0.14124424362182617,8.919490098953247,0.08247256097560976,8.919490098953247,0.0,8.919490098953247,-0.5207283914070707,9.11383605003357,0.010158768275966018,0.44293702030181886,0.14124424362182617,0.4406280487804878,0.08247256097560976,8.919490098953247,0.44293702030181886,8.919490098953247,0.4406280487804878,8.919490098953247,0.14124424362182617,8.919490098953247,0.08247256097560976,8.919490098953247,0.0,8.919490098953247,-0.5207283914070707
0.44371440410614016,0.15057284927368164,0.4425640243902439,0.08285975609756098,0.44371440410614016,0.15057284927368164,0.4425640243902439,0.08285975609756098,9.11383605003357,0.44371440410614016,9.11383605003357,0.4425640243902439,9.11383605003357,0.15057284927368164,9.11383605003357,0.08285975609756098,9.11383605003357,0.0,9.11383605003357,-0.22402364703792377,9.311333894729614,0.10042675549385462,0.44371440410614016,0.15057284927368164,0.4425640243902439,0.08285975609756098,9.11383605003357,0.44371440410614016,9.11383605003357,0.4425640243902439,9.11383605003357,0.15057284927368164,9.11383605003357,0.08285975609756098,9.11383605003357,0.0,9.11383605003357,-0.22402364703792377
0.44425219774246216,0.1600527458190918,0.45495426829268293,0.09834756097560976,0.44425219774246216,0.1600527458190918,0.45495426829268293,0.09834756097560976,9.311333894729614,0.44425219774246216,9.311333894729614,0.45495426829268293,9.311333894729614,0.1600527458190918,9.311333894729614,0.09834756097560976,9.311333894729614,0.0,9.311333894729614,0.38050637711236496,9.510663986206055,0.07973646240081103,0.44425219774246216,0.1600527458190918,0.45495426829268293,0.09834756097560976,9.311333894729614,0.44425219774246216,9.311333894729614,0.45495426829268293,9.311333894729614,0.1600527458190918,9.311333894729614,0.09834756097560976,9.311333894729614,0.0,9.311333894729614,0.38050637711236496
0.44465085792541503,0.16962059020996093,0.4557286585365854,0.11422256097560976,0.44465085792541503,0.16962059020996093,0.4557286585365854,0.11422256097560976,9.510663986206055,0.44465085792541503,9.510663986206055,0.4557286585365854,9.510663986206055,0.16962059020996093,9.510663986206055,0.11422256097560976,9.510663986206055,0.0,9.510663986206055,0.956777289786956,9.70813798904419,0.06865389521628396,0.44465085792541503,0.16962059020996093,0.4557286585365854,0.11422256097560976,9.510663986206055,0.44465085792541503,9.510663986206055,0.4557286585365854,9.510663986206055,0.16962059020996093,9.510663986206055,0.11422256097560976,9.510663986206055,0.0,9.510663986206055,0.956777289786956
0.4450916118621826,0.1790993423461914,0.4553414634146342,0.12777439024390244,0.4450916118621826,0.1790993423461914,0.4553414634146342,0.12777439024390244,9.70813798904419,0.4450916118621826,9.70813798904419,0.4553414634146342,9.70813798904419,0.1790993423461914,9.70813798904419,0.12777439024390244,9.70813798904419,0.0,9.70813798904419,1.5444866095419745,9.906670093536377,0.06671017222573446,0.4450916118621826,0.1790993423461914,0.4553414634146342,0.12777439024390244,9.70813798904419,0.4450916118621826,9.70813798904419,0.4553414634146342,9.70813798904419,0.1790993423461914,9.70813798904419,0.12777439024390244,9.70813798904419,0.0,9.70813798904419,1.5444866095419745
0.4458857402801514,0.1886288833618164,0.4472103658536586,0.13822865853658536,0.4458857402801514,0.1886288833618164,0.4472103658536586,0.13822865853658536,9.906670093536377,0.4458857402801514,9.906670093536377,0.4472103658536586,9.906670093536377,0.1886288833618164,9.906670093536377,0.13822865853658536,9.906670093536377,0.0,9.906670093536377,1.7681918866447779,10.104834079742432,0.04121783277533691,0.4458857402801514,0.1886288833618164,0.4472103658536586,0.13822865853658536,9.906670093536377,0.4458857402801514,9.906670093536377,0.4472103658536586,9.906670093536377,0.1886288833618164,9.906670093536377,0.13822865853658536,9.906670093536377,0.0,9.906670093536377,1.7681918866447779
0.44667839622497557,0.19814075469970704,0.4464359756097561,0.146359756097561,0.44667839622497557,0.19814075469970704,0.4464359756097561,0.146359756097561,10.104834079742432,0.44667839622497557,10.104834079742432,0.4464359756097561,10.104834079742432,0.19814075469970704,10.104834079742432,0.146359756097561,10.104834079742432,0.0,10.104834079742432,1.8221241109557367,10.304780006408691,0.04368941276861471,0.44667839622497557,0.19814075469970704,0.4464359756097561,0.146359756097561,10.104834079742432,0.44667839622497557,10.104834079742432,0.4464359756097561,10.104834079742432,0.19814075469970704,10.104834079742432,0.146359756097561,10.104834079742432,0.0,10.104834079742432,1.8221241109557367
0.44723908996582035,0.20773815917968752,0.44837195121951223,0.1548780487804878,0.44723908996582035,0.20773815917968752,0.44837195121951223,0.1548780487804878,10.304780006408691,0.44723908996582035,10.304780006408691,0.44837195121951223,10.304780006408691,0.20773815917968752,10.304780006408691,0.1548780487804878,10.304780006408691,0.0,10.304780006408691,1.7016237228689537,10.500670909881592,0.0613697176147027,0.44723908996582035,0.20773815917968752,0.44837195121951223,0.1548780487804878,10.304780006408691,0.44723908996582035,10.304780006408691,0.44837195121951223,10.304780006408691,0.20773815917968752,10.304780006408691,0.1548780487804878,10.304780006408691,0.0,10.304780006408691,1.7016237228689537
0.4476308717727661,0.21714092254638673,0.451469512195122,0.1664939024390244,0.4476308717727661,0.21714092254638673,0.451469512195122,0.1664939024390244,10.500670909881592,0.4476308717727661,10.500670909881592,0.451469512195122,10.500670909881592,0.21714092254638673,10.500670909881592,0.1664939024390244,10.500670909881592,0.0,10.500670909881592,1.5707963267948966,10.699119806289673,0.06485781717327085,0.4476308717727661,0.21714092254638673,0.451469512195122,0.1664939024390244,10.500670909881592,0.4476308717727661,10.500670909881592,0.451469512195122,10.500670909881592,0.21714092254638673,10.500670909881592,0.1664939024390244,10.500670909881592,0.0,10.500670909881592,1.5707963267948966
0.4480555391311646,0.22666646957397463,0.4530182926829268,0.17927134146341464,0.4480555391311646,0.22666646957397463,0.4530182926829268,0.17927134146341464,10.699119806289673,0.4480555391311646,10.699119806289673,0.4530182926829268,10.699119806289673,0.22666646957397463,10.699119806289673,0.17927134146341464,10.699119806289673,0.0,10.699119806289673,1.596764514006453,10.897190809249878,0.2093950443939069,0.4480555391311646,0.22666646957397463,0.4530182926829268,0.17927134146341464,10.699119806289673,0.4480555391311646,10.699119806289673,0.4530182926829268,10.699119806289673,0.22666646957397463,10.699119806289673,0.17927134146341464,10.699119806289673,0.0,10.699119806289673,1.596764514006453
0.44884782314300536,0.23617387771606446,0.45108231707317076,0.22070121951219512,0.44884782314300536,0.23617387771606446,0.45108231707317076,0.22070121951219512,10.897190809249878,0.44884782314300536,10.897190809249878,0.45108231707317076,10.897190809249878,0.23617387771606446,10.897190809249878,0.22070121951219512,10.897190809249878,0.0,10.897190809249878,-0.2310906671958966,11.160476922988892,0.07074302075849477,0.44884782314300536,0.23617387771606446,0.45108231707317076,0.22070121951219512,10.897190809249878,0.44884782314300536,10.897190809249878,0.45108231707317076,10.897190809249878,0.23617387771606446,10.897190809249878,0.22070121951219512,10.897190809249878,0.0,10.897190809249878,-0.2310906671958966
0.44990096759796144,0.2488116111755371,0.4576646341463415,0.20327743902439027,0.44990096759796144,0.2488116111755371,0.4576646341463415,0.20327743902439027,11.160476922988892,0.44990096759796144,11.160476922988892,0.4576646341463415,11.160476922988892,0.2488116111755371,11.160476922988892,0.20327743902439027,11.160476922988892,0.0,11.160476922988892,1.624079178354589,11.359428882598877,0.01651383360550615,0.44990096759796144,0.2488116111755371,0.4576646341463415,0.20327743902439027,11.160476922988892,0.44990096759796144,11.160476922988892,0.4576646341463415,11.160476922988892,0.2488116111755371,11.160476922988892,0.20327743902439027,11.160476922988892,0.0,11.160476922988892,1.624079178354589
0.45,0.25,0.4553414634146342,0.20560060975609756,0.45,0.25,0.4553414634146342,0.20560060975609756,11.359428882598877,0.45,11.359428882598877,0.4553414634146342,11.359428882598877,0.25,11.359428882598877,0.20560060975609756,11.359428882598877,0.0,11.359428882598877,1.6999436169229167,11.55703091621399,0.04995686143197218,0.45,0.25,0.4553414634146342,0.20560060975609756,11.359428882598877,0.45,11.359428882598877,0.4553414634146342,11.359428882598877,0.25,11.359428882598877,0.20560060975609756,11.359428882598877,0.0,11.359428882598877,1.6999436169229167
0.45,0.25,0.4464359756097561,0.20134146341463416,0.45,0.25,0.4464359756097561,0.20134146341463416,11.55703091621399,0.45,11.55703091621399,0.4464359756097561,11.55703091621399,0.25,11.55703091621399,0.20134146341463416,11.55703091621399,0.0,11.55703091621399,2.2920623751909135,11.754968166351318,0.03936677666152778,0.45,0.25,0.4464359756097561,0.20134146341463416,11.55703091621399,0.45,11.55703091621399,0.4464359756097561,11.55703091621399,0.25,11.55703091621399,0.20134146341463416,11.55703091621399,0.0,11.55703091621399,2.2920623751909135
0.45,0.25,0.4429512195121952,0.2083109756097561,0.45,0.25,0.4429512195121952,0.2083109756097561,11.754968166351318,0.45,11.754968166351318,0.4429512195121952,11.754968166351318,0.25,11.754968166351318,0.2083109756097561,11.754968166351318,0.0,11.754968166351318,2.2248790512092573,11.952681064605713,0.062207171942206735,0.45,0.25,0.4429512195121952,0.2083109756097561,11.754968166351318,0.45,11.754968166351318,0.4429512195121952,11.754968166351318,0.25,11.754968166351318,0.2083109756097561,11.754968166351318,0.0,11.754968166351318,2.2248790512092573
0.45,0.25,0.43714329268292684,0.21915243902439024,0.45,0.25,0.43714329268292684,0.21915243902439024,11.952681064605713,0.45,11.952681064605713,0.43714329268292684,11.952681064605713,0.25,11.952681064605713,0.21915243902439024,11.952681064605713,0.0,11.952681064605713,2.0344439357957027,12.150406837463379,0.0743100992800115,0.45,0.25,0.43714329268292684,0.21915243902439024,11.952681064605713,0.45,11.952681064605713,0.43714329268292684,11.952681064605713,0.25,11.952681064605713,0.21915243902439024,11.952681064605713,0.0,11.952681064605713,2.0344439357957027
0.45,0.25,0.4417896341463415,0.23309146341463416,0.45,0.25,0.4417896341463415,0.23309146341463416,12.150406837463379,0.45,12.150406837463379,0.4417896341463415,12.150406837463379,0.25,12.150406837463379,0.23309146341463416,12.150406837463379,0.0,12.150406837463379,1.879995239121971,12.34860897064209,0.036337881331508635,0.45,0.25,0.4417896341463415,0.23309146341463416,12.150406837463379,0.45,12.150406837463379,0.4417896341463415,12.150406837463379,0.25,12.150406837463379,0.23309146341463416,12.150406837463379,0.0,12.150406837463379,1.879995239121971
0.397,0.24,0.4460487804878049,0.23889939024390244,0.397,0.24,0.4460487804878049,0.23889939024390244,12.34860897064209,0.397,12.34860897064209,0.4460487804878049,12.34860897064209,0.24,12.34860897064209,0.23889939024390244,12.34860897064209,0.0,12.34860897064209,1.5202066180255118,12.546980857849121,0.17837952169504454,0.397,0.24,0.4460487804878049,0.23889939024390244,12.34860897064209,0.397,12.34860897064209,0.4460487804878049,12.34860897064209,0.24,12.34860897064209,0.23889939024390244,12.34860897064209,0.0,12.34860897064209,1.5202066180255118
0.38708140563964843,0.24039674377441406,0.4599878048780488,0.2714237804878049,0.38708140563964843,0.24039674377441406,0.4599878048780488,0.2714237804878049,12.546980857849121,0.38708140563964843,12.546980857849121,0.4599878048780488,12.546980857849121,0.24039674377441406,12.546980857849121,0.2714237804878049,12.546980857849121,0.0,12.546980857849121,-2.6779450445890016,12.744658946990967,0.13193369709723338,0.38708140563964843,0.24039674377441406,0.4599878048780488,0.2714237804878049,12.546980857849121,0.38708140563964843,12.546980857849121,0.4599878048780488,12.546980857849121,0.24039674377441406,12.546980857849121,0.2714237804878049,12.546980857849121,0.0,12.546980857849121,-2.6779450445890016
0.3771975011825561,0.24079209995269774,0.45185670731707317,0.24664329268292684,0.3771975011825561,0.24079209995269774,0.45185670731707317,0.24664329268292684,12.744658946990967,0.3771975011825561,12.744658946990967,0.45185670731707317,12.744658946990967,0.24079209995269774,12.744658946990967,0.24664329268292684,12.744658946990967,0.0,12.744658946990967,1.3478960944665213,12.94325304031372,0.07096945808496716,0.3771975011825561,0.24079209995269774,0.45185670731707317,0.24664329268292684,12.744658946990967,0.3771975011825561,12.744658946990967,0.45185670731707317,12.744658946990967,0.24079209995269774,12.744658946990967,0.24664329268292684,12.744658946990967,0.0,12.744658946990967,1.3478960944665213
0.36726779651641844,0.24118928813934326,0.447984756097561,0.2601951219512195,0.36726779651641844,0.24118928813934326,0.447984756097561,0.2601951219512195,12.94325304031372,0.36726779651641844,12.94325304031372,0.447984756097561,12.94325304031372,0.24118928813934326,12.94325304031372,0.2601951219512195,12.94325304031372,0.0,12.94325304031372,1.7145349999432224,13.178091049194336,1.0283310257609009,0.36726779651641844,0.24118928813934326,0.447984756097561,0.2601951219512195,12.94325304031372,0.36726779651641844,12.94325304031372,0.447984756097561,12.94325304031372,0.24118928813934326,12.94325304031372,0.2601951219512195,12.94325304031372,0.0,12.94325304031372,1.7145349999432224
0.35552589607238766,0.24165896415710447,0.21760365853658536,0.33260060975609756,0.35552589607238766,0.24165896415710447,0.21760365853658536,0.33260060975609756,13.178091049194336,0.35552589607238766,13.178091049194336,0.21760365853658536,13.178091049194336,0.24165896415710447,13.178091049194336,0.33260060975609756,13.178091049194336,0.0,13.178091049194336,-0.14314238397284573,13.371726989746094,1.1107379477704238,0.35552589607238766,0.24165896415710447,0.21760365853658536,0.33260060975609756,13.178091049194336,0.35552589607238766,13.178091049194336,0.21760365853658536,13.178091049194336,0.24165896415710447,13.178091049194336,0.33260060975609756,13.178091049194336,0.0,13.178091049194336,-0.14314238397284573
0.3458440990447998,0.242,0.4270762195121951,0.28381402439024395,0.3458440990447998,0.242,0.4270762195121951,0.28381402439024395,13.371726989746094,0.3458440990447998,13.371726989746094,0.4270762195121951,13.371726989746094,0.242,13.371726989746094,0.28381402439024395,13.371726989746094,0.0,13.371726989746094,2.5060069467652424,13.568917036056519,0.09085591822661325,0.3458440990447998,0.242,0.4270762195121951,0.28381402439024395,13.371726989746094,0.3458440990447998,13.371726989746094,0.4270762195121951,13.371726989746094,0.242,13.371726989746094,0.28381402439024395,13.371726989746094,0.0,13.371726989746094,2.5060069467652424
0.33598459672927855,0.242,0.409265243902439,0.28575000000000006,0.33598459672927855,0.242,0.409265243902439,0.28575000000000006,13.568917036056519,0.33598459672927855,13.568917036056519,0.409265243902439,13.568917036056519,0.242,13.568917036056519,0.28575000000000006,13.568917036056519,0.0,13.568917036056519,2.9060476728689295,13.76737904548645,0.1283055813728443,0.33598459672927855,0.242,0.409265243902439,0.28575000000000006,13.568917036056519,0.33598459672927855,13.568917036056519,0.409265243902439,13.568917036056519,0.242,13.568917036056519,0.28575000000000006,13.568917036056519,0.0,13.568917036056519,2.9060476728689295
0.32606149625778197,0.242,0.3914542682926829,0.3039481707317073,0.32606149625778197,0.242,0.3914542682926829,0.3039481707317073,13.76737904548645,0.32606149625778197,13.76737904548645,0.3914542682926829,13.76737904548645,0.242,13.76737904548645,0.3039481707317073,13.76737904548645,0.0,13.76737904548645,2.637032214813548,13.965131998062134,0.11829144390391844,0.32606149625778197,0.242,0.3914542682926829,0.3039481707317073,13.76737904548645,0.32606149625778197,13.76737904548645,0.3914542682926829,13.76737904548645,0.242,13.76737904548645,0.3039481707317073,13.76737904548645,0.0,13.76737904548645,2.637032214813548
0.31640689468383787,0.24223304605484008,0.36860975609756097,0.3089817073170732,0.31640689468383787,0.24223304605484008,0.36860975609756097,0.3089817073170732,13.965131998062134,0.31640689468383787,13.965131998062134,0.36860975609756097,13.965131998062134,0.24223304605484008,13.965131998062134,0.3089817073170732,13.965131998062134,0.0,13.965131998062134,2.93409642715459,14.163687944412231,0.06315892413279395,0.31640689468383787,0.24223304605484008,0.36860975609756097,0.3089817073170732,13.965131998062134,0.31640689468383787,13.965131998062134,0.36860975609756097,13.965131998062134,0.24223304605484008,13.965131998062134,0.3089817073170732,13.965131998062134,0.0,13.965131998062134,2.93409642715459
0.3068762092590332,0.24263015794754028,0.35621951219512193,0.3070457317073171,0.3068762092590332,0.24263015794754028,0.35621951219512193,0.3070457317073171,14.163687944412231,0.3068762092590332,14.163687944412231,0.35621951219512193,14.163687944412231,0.24263015794754028,14.163687944412231,0.3070457317073171,14.163687944412231,0.0,14.163687944412231,-2.9978539804414672,14.361700773239136,0.1037838966390092,0.3068762092590332,0.24263015794754028,0.35621951219512193,0.3070457317073171,14.163687944412231,0.3068762092590332,14.163687944412231,0.35621951219512193,14.163687944412231,0.24263015794754028,14.163687944412231,0.3070457317073171,14.163687944412231,0.0,14.163687944412231,-2.9978539804414672
0.2973454098701477,0.2430261836051941,0.3422804878048781,0.2919451219512195,0.2973454098701477,0.2430261836051941,0.3422804878048781,0.2919451219512195,14.361700773239136,0.2973454098701477,14.361700773239136,0.3422804878048781,14.361700773239136,0.2430261836051941,14.361700773239136,0.2919451219512195,14.361700773239136,0.0,14.361700773239136,-2.60578141562933,14.559385776519775,0.07499341629280899,0.2973454098701477,0.2430261836051941,0.3422804878048781,0.2919451219512195,14.361700773239136,0.2973454098701477,14.361700773239136,0.3422804878048781,14.361700773239136,0.2430261836051941,14.361700773239136,0.2919451219512195,14.361700773239136,0.0,14.361700773239136,-2.60578141562933
0.28746115970611574,0.24342155361175535,0.33260060975609756,0.2807164634146342,0.28746115970611574,0.24342155361175535,0.33260060975609756,0.2807164634146342,14.559385776519775,0.28746115970611574,14.559385776519775,0.33260060975609756,14.559385776519775,0.24342155361175535,14.559385776519775,0.2807164634146342,14.559385776519775,0.0,14.559385776519775,-2.300695984946628,14.758354902267456,0.07435678666621595,0.28746115970611574,0.24342155361175535,0.33260060975609756,0.2807164634146342,14.559385776519775,0.28746115970611574,14.559385776519775,0.33260060975609756,14.559385776519775,0.24342155361175535,14.559385776519775,0.2807164634146342,14.559385776519775,0.0,14.559385776519775,-2.300695984946628
0.2775127034187317,0.24381949186325072,0.3217591463414634,0.27064939024390244,0.2775127034187317,0.24381949186325072,0.3217591463414634,0.27064939024390244,14.758354902267456,0.2775127034187317,14.758354902267456,0.3217591463414634,14.758354902267456,0.24381949186325072,14.758354902267456,0.27064939024390244,14.758354902267456,0.0,14.758354902267456,-2.2272837185083536,14.956679821014404,0.05661748713943758,0.2775127034187317,0.24381949186325072,0.3217591463414634,0.27064939024390244,14.758354902267456,0.2775127034187317,14.758354902267456,0.3217591463414634,14.758354902267456,0.24381949186325072,14.758354902267456,0.27064939024390244,14.758354902267456,0.0,14.758354902267456,-2.2272837185083536
0.2675964574813843,0.244,0.31362804878048783,0.26290548780487805,0.2675964574813843,0.244,0.31362804878048783,0.26290548780487805,14.956679821014404,0.2675964574813843,14.956679821014404,0.31362804878048783,14.956679821014404,0.244,14.956679821014404,0.26290548780487805,14.956679821014404,0.0,14.956679821014404,-2.273812559600654,15.154299974441528,0.045571914894504593,0.2675964574813843,0.244,0.31362804878048783,0.26290548780487805,14.956679821014404,0.2675964574813843,14.956679821014404,0.31362804878048783,14.956679821014404,0.244,14.956679821014404,0.26290548780487805,14.956679821014404,0.0,14.956679821014404,-2.273812559600654
0.2577154498100281,0.244,0.3054969512195122,0.2590335365853659,0.2577154498100281,0.244,0.3054969512195122,0.2590335365853659,15.154299974441528,0.2577154498100281,15.154299974441528,0.3054969512195122,15.154299974441528,0.244,15.154299974441528,0.2590335365853659,15.154299974441528,0.0,15.154299974441528,-2.356194490192345,15.38761591911316,0.03989783934321013,0.2577154498100281,0.244,0.3054969512195122,0.2590335365853659,15.154299974441528,0.2577154498100281,15.154299974441528,0.3054969512195122,15.154299974441528,0.244,15.154299974441528,0.2590335365853659,15.154299974441528,0.0,15.154299974441528,-2.356194490192345
0.24604965257644654,0.24407801389694214,0.29659146341463416,0.2563231707317073,0.24604965257644654,0.24407801389694214,0.29659146341463416,0.2563231707317073,15.38761591911316,0.24604965257644654,15.38761591911316,0.29659146341463416,15.38761591911316,0.24407801389694214,15.38761591911316,0.2563231707317073,15.38761591911316,0.0,15.38761591911316,-2.482786617472317,15.583438158035278,0.05429421250879827,0.24604965257644654,0.24407801389694214,0.29659146341463416,0.2563231707317073,15.38761591911316,0.24604965257644654,15.38761591911316,0.29659146341463416,15.38761591911316,0.24407801389694214,15.38761591911316,0.2563231707317073,15.38761591911316,0.0,15.38761591911316,-2.482786617472317
0.23625854063034057,0.24446965837478637,0.28613719512195124,0.25438719512195124,0.23625854063034057,0.24446965837478637,0.28613719512195124,0.25438719512195124,15.583438158035278,0.23625854063034057,15.583438158035278,0.28613719512195124,15.583438158035278,0.24446965837478637,15.583438158035278,0.25438719512195124,15.583438158035278,0.0,15.583438158035278,-2.6370322148135483,15.780210018157959,0.057064351221687376,0.23625854063034057,0.24446965837478637,0.28613719512195124,0.25438719512195124,15.583438158035278,0.23625854063034057,15.583438158035278,0.28613719512195124,15.583438158035278,0.24446965837478637,15.583438158035278,0.25438719512195124,15.583438158035278,0.0,15.583438158035278,-2.6370322148135483
0.22641994762420656,0.24486320209503173,0.27490853658536585,0.25438719512195124,0.22641994762420656,0.24486320209503173,0.27490853658536585,0.25438719512195124,15.780210018157959,0.22641994762420656,15.780210018157959,0.27490853658536585,15.780210018157959,0.24486320209503173,15.780210018157959,0.25438719512195124,15.780210018157959,0.0,15.780210018157959,-2.7586939365438505,15.977896928787231,0.05498130851275206,0.22641994762420656,0.24486320209503173,0.27490853658536585,0.25438719512195124,15.780210018157959,0.22641994762420656,15.780210018157959,0.27490853658536585,15.780210018157959,0.24486320209503173,15.780210018157959,0.25438719512195124,15.780210018157959,0.0,15.780210018157959,-2.7586939365438505
0.21679417800903322,0.24525857591629027,0.26406707317073175,0.2536128048780488,0.21679417800903322,0.24525857591629027,0.26406707317073175,0.2536128048780488,15.977896928787231,0.21679417800903322,15.977896928787231,0.26406707317073175,15.977896928787231,0.24525857591629027,15.977896928787231,0.2536128048780488,15.977896928787231,0.0,15.977896928787231,-2.840247429879689,16.175946950912476,0.047286036707643336,0.21679417800903322,0.24525857591629027,0.26406707317073175,0.2536128048780488,15.977896928787231,0.21679417800903322,15.977896928787231,0.26406707317073175,15.977896928787231,0.24525857591629027,15.977896928787231,0.2536128048780488,15.977896928787231,0.0,15.977896928787231,-2.840247429879689
0.2072877769470215,0.24565467596054077,0.25477439024390247,0.2524512195121952,0.2072877769470215,0.24565467596054077,0.25477439024390247,0.2524512195121952,16.175946950912476,0.2072877769470215,16.175946950912476,0.25477439024390247,16.175946950912476,0.24565467596054077,16.175946950912476,0.2524512195121952,16.175946950912476,0.0,16.175946950912476,-2.9147938055359073,16.37398886680603,0.049228588880820934,0.2072877769470215,0.24565467596054077,0.25477439024390247,0.2524512195121952,16.175946950912476,0.2072877769470215,16.175946950912476,0.25477439024390247,16.175946950912476,0.24565467596054077,16.175946950912476,0.2524512195121952,16.175946950912476,0.0,16.175946950912476,-2.9147938055359073
0.19773100519180298,0.24605075979232788,0.24509451219512196,0.2536128048780488,0.19773100519180298,0.24605075979232788,0.24509451219512196,0.2536128048780488,16.37398886680603,0.19773100519180298,16.37398886680603,0.24509451219512196,16.37398886680603,0.24605075979232788,16.37398886680603,0.2536128048780488,16.37398886680603,0.0,16.37398886680603,-2.918692421261418,16.572834968566895,0.04107644038884995,0.19773100519180298,0.24605075979232788,0.24509451219512196,0.2536128048780488,16.37398886680603,0.19773100519180298,16.37398886680603,0.24509451219512196,16.37398886680603,0.24605075979232788,16.37398886680603,0.2536128048780488,16.37398886680603,0.0,16.37398886680603,-2.918692421261418
0.18778870010375975,0.2464484519958496,0.23696341463414633,0.25283841463414636,0.18778870010375975,0.2464484519958496,0.23696341463414633,0.25283841463414636,16.572834968566895,0.18778870010375975,16.572834968566895,0.23696341463414633,16.572834968566895,0.2464484519958496,16.572834968566895,0.25283841463414636,16.572834968566895,0.0,16.572834968566895,-2.9764439761751658,16.77526879310608,0.04785573200618394,0.18778870010375975,0.2464484519958496,0.23696341463414633,0.25283841463414636,16.572834968566895,0.18778870010375975,16.572834968566895,0.23696341463414633,16.572834968566895,0.2464484519958496,16.572834968566895,0.25283841463414636,16.572834968566895,0.0,16.572834968566895,-2.9764439761751658
0.17766700887680054,0.246853319644928,0.22728353658536588,0.2532256097560976,0.17766700887680054,0.246853319644928,0.22728353658536588,0.2532256097560976,16.77526879310608,0.17766700887680054,16.77526879310608,0.22728353658536588,16.77526879310608,0.246853319644928,16.77526879310608,0.2532256097560976,16.77526879310608,0.0,16.77526879310608,-2.9869921081585917,16.968873977661133,0.04638782733641994,0.17766700887680054,0.246853319644928,0.22728353658536588,0.2532256097560976,16.77526879310608,0.17766700887680054,16.77526879310608,0.22728353658536588,16.77526879310608,0.246853319644928,16.77526879310608,0.2532256097560976,16.77526879310608,0.0,16.77526879310608,-2.9869921081585917
0.16798674964904783,0.247,0.2183780487804878,0.25438719512195124,0.16798674964904783,0.247,0.2183780487804878,0.25438719512195124,16.968873977661133,0.16798674964904783,16.968873977661133,0.2183780487804878,16.968873977661133,0.247,16.968873977661133,0.25438719512195124,16.968873977661133,0.0,16.968873977661133,-2.9721796097001745,17.167012929916382,0.046940522738865335,0.16798674964904783,0.247,0.2183780487804878,0.25438719512195124,16.968873977661133,0.16798674964904783,16.968873977661133,0.2183780487804878,16.968873977661133,0.247,16.968873977661133,0.25438719512195124,16.968873977661133,0.0,16.968873977661133,-2.9721796097001745
0.15807980203628538,0.247,0.20908536585365856,0.25477439024390247,0.15807980203628538,0.247,0.20908536585365856,0.25477439024390247,17.167012929916382,0.15807980203628538,17.167012929916382,0.20908536585365856,17.167012929916382,0.247,17.167012929916382,0.25477439024390247,17.167012929916382,0.0,17.167012929916382,-3.0393859354825397,17.364434957504272,0.045151502215231704,0.15807980203628538,0.247,0.20908536585365856,0.25477439024390247,17.167012929916382,0.15807980203628538,17.167012929916382,0.20908536585365856,17.167012929916382,0.247,17.167012929916382,0.25477439024390247,17.167012929916382,0.0,17.167012929916382,-3.0393859354825397
0.14820870065689087,0.24703165197372437,0.2001798780487805,0.25438719512195124,0.14820870065689087,0.24703165197372437,0.2001798780487805,0.25438719512195124,17.364434957504272,0.14820870065689087,17.364434957504272,0.2001798780487805,17.364434957504272,0.24703165197372437,17.364434957504272,0.25438719512195124,17.364434957504272,0.0,17.364434957504272,-2.9996955989856295,17.66204810142517,0.05073905526199181,0.14820870065689087,0.24703165197372437,0.2001798780487805,0.25438719512195124,17.364434957504272,0.14820870065689087,17.364434957504272,0.2001798780487805,17.364434957504272,0.24703165197372437,17.364434957504272,0.25438719512195124,17.364434957504272,0.0,17.364434957504272,-2.9996955989856295
0.13332804346084595,0.24762687826156615,0.18507926829268292,0.25438719512195124,0.13332804346084595,0.24762687826156615,0.18507926829268292,0.25438719512195124,17.66204810142517,0.13332804346084595,17.66204810142517,0.18507926829268292,17.66204810142517,0.24762687826156615,17.66204810142517,0.25438719512195124,17.66204810142517,0.0,17.66204810142517,-2.9764439761751658,17.859061002731323,0.057129913307655725,0.13332804346084595,0.24762687826156615,0.18507926829268292,0.25438719512195124,17.66204810142517,0.13332804346084595,17.66204810142517,0.18507926829268292,17.66204810142517,0.24762687826156615,17.66204810142517,0.25438719512195124,17.66204810142517,0.0,17.66204810142517,-2.9764439761751658
0.1234983024597168,0.24802090406417845,0.17385060975609756,0.2536128048780488,0.1234983024597168,0.24802090406417845,0.17385060975609756,0.2536128048780488,17.859061002731323,0.1234983024597168,17.859061002731323,0.17385060975609756,17.859061002731323,0.24802090406417845,17.859061002731323,0.2536128048780488,17.859061002731323,0.0,17.859061002731323,-3.0032416834126674,18.057645082473755,0.048744481739601275,0.1234983024597168,0.24802090406417845,0.17385060975609756,0.2536128048780488,17.859061002731323,0.1234983024597168,17.859061002731323,0.17385060975609756,17.859061002731323,0.24802090406417845,17.859061002731323,0.2536128048780488,17.859061002731323,0.0,17.859061002731323,-3.0032416834126674
0.11396626663208008,0.24841807222366333,0.16417073170731708,0.25361280487804877,0.11396626663208008,0.24841807222366333,0.16417073170731708,0.25361280487804877,18.057645082473755,0.11396626663208008,18.057645082473755,0.16417073170731708,18.057645082473755,0.24841807222366333,18.057645082473755,0.25361280487804877,18.057645082473755,0.0,18.057645082473755,-2.976443976175166,18.25600576400757,0.04883840275817317,0.11396626663208008,0.24841807222366333,0.16417073170731708,0.25361280487804877,18.057645082473755,0.11396626663208008,18.057645082473755,0.16417073170731708,18.057645082473755,0.24841807222366333,18.057645082473755,0.25361280487804877,18.057645082473755,0.0,18.057645082473755,-2.976443976175166
0.10444495391845704,0.24881479358673095,0.1544908536585366,0.254,0.10444495391845704,0.24881479358673095,0.1544908536585366,0.254,18.25600576400757,0.10444495391845704,18.25600576400757,0.1544908536585366,18.25600576400757,0.24881479358673095,18.25600576400757,0.254,18.25600576400757,0.0,18.25600576400757,-2.9617391537973146,18.453588008880615,0.043511636874814644,0.10444495391845704,0.24881479358673095,0.1544908536585366,0.254,18.25600576400757,0.10444495391845704,18.25600576400757,0.1544908536585366,18.25600576400757,0.24881479358673095,18.25600576400757,0.254,18.25600576400757,0.0,18.25600576400757,-2.9617391537973146
0.09475104808807373,0.249,0.14597256097560976,0.25283841463414636,0.09475104808807373,0.249,0.14597256097560976,0.25283841463414636,18.453588008880615,0.09475104808807373,18.453588008880615,0.14597256097560976,18.453588008880615,0.249,18.453588008880615,0.25283841463414636,18.453588008880615,0.0,18.453588008880615,-2.999695598985629,18.652015209197998,0.044922778236615044,0.09475104808807373,0.249,0.14597256097560976,0.25283841463414636,18.453588008880615,0.09475104808807373,18.453588008880615,0.14597256097560976,18.453588008880615,0.249,18.453588008880615,0.25283841463414636,18.453588008880615,0.0,18.453588008880615,-2.999695598985629
0.08482968807220459,0.249,0.13706707317073172,0.2524512195121951,0.08482968807220459,0.249,0.13706707317073172,0.2524512195121951,18.652015209197998,0.08482968807220459,18.652015209197998,0.13706707317073172,18.652015209197998,0.249,18.652015209197998,0.2524512195121951,18.652015209197998,0.0,18.652015209197998,-2.988943325194528,18.850128889083862,0.0511517737600009,0.08482968807220459,0.249,0.13706707317073172,0.2524512195121951,18.652015209197998,0.08482968807220459,18.652015209197998,0.13706707317073172,18.652015209197998,0.249,18.652015209197998,0.2524512195121951,18.652015209197998,0.0,18.652015209197998,-2.988943325194528
0.07492400407791137,0.24900303983688354,0.127,0.2536128048780488,0.07492400407791137,0.24900303983688354,0.127,0.2536128048780488,18.850128889083862,0.07492400407791137,18.850128889083862,0.127,18.850128889083862,0.24900303983688354,18.850128889083862,0.2536128048780488,18.850128889083862,0.0,18.850128889083862,-3.0520888352381825,19.046987056732178,0.04952461040941382,0.07492400407791137,0.24900303983688354,0.127,0.2536128048780488,18.850128889083862,0.07492400407791137,18.850128889083862,0.127,18.850128889083862,0.24900303983688354,18.850128889083862,0.2536128048780488,18.850128889083862,0.0,18.850128889083862,-3.0520888352381825
0.06508109569549561,0.24939675617218018,0.11732012195121952,0.25477439024390247,0.06508109569549561,0.24939675617218018,0.11732012195121952,0.25477439024390247,19.046987056732178,0.06508109569549561,19.046987056732178,0.11732012195121952,19.046987056732178,0.24939675617218018,19.046987056732178,0.25477439024390247,19.046987056732178,0.0,19.046987056732178,-3.0406708689224993,19.2449209690094,0.05314199440415756,0.06508109569549561,0.24939675617218018,0.11732012195121952,0.25477439024390247,19.046987056732178,0.06508109569549561,19.046987056732178,0.11732012195121952,19.046987056732178,0.24939675617218018,19.046987056732178,0.25477439024390247,19.046987056732178,0.0,19.046987056732178,-3.0406708689224993
0.05518440008163453,0.24979262399673463,0.1068658536585366,0.2559359756097561,0.05518440008163453,0.24979262399673463,0.1068658536585366,0.2559359756097561,19.2449209690094,0.05518440008163453,19.2449209690094,0.1068658536585366,19.2449209690094,0.24979262399673463,19.2449209690094,0.2559359756097561,19.2449209690094,0.0,19.2449209690094,-3.0791738435938356,19.44387412071228,0.06255027373646159,0.05518440008163453,0.24979262399673463,0.1068658536585366,0.2559359756097561,19.2449209690094,0.05518440008163453,19.2449209690094,0.1068658536585366,19.2449209690094,0.24979262399673463,19.2449209690094,0.2559359756097561,19.2449209690094,0.0,19.2449209690094,-3.0791738435938356
0.05,0.25,0.09447560975609756,0.25709756097560976,0.05,0.25,0.09447560975609756,0.25709756097560976,19.44387412071228,0.05,19.44387412071228,0.09447560975609756,19.44387412071228,0.25,19.44387412071228,0.25709756097560976,19.44387412071228,0.0,19.44387412071228,-3.066732805879026,19.708024978637695,0.04699746239172308,0.05,0.25,0.09447560975609756,0.25709756097560976,19.44387412071228,0.05,19.44387412071228,0.09447560975609756,19.44387412071228,0.25,19.44387412071228,0.25709756097560976,19.44387412071228,0.0,19.44387412071228,-3.066732805879026
0.05,0.25,0.08208536585365854,0.25787195121951223,0.05,0.25,0.08208536585365854,0.25787195121951223,19.708024978637695,0.05,19.708024978637695,0.08208536585365854,19.708024978637695,0.25,19.708024978637695,0.25787195121951223,19.708024978637695,0.0,19.708024978637695,-3.0393859354825397,19.90562677383423,0.045237916638137705,0.05,0.25,0.08208536585365854,0.25787195121951223,19.708024978637695,0.05,19.708024978637695,0.08208536585365854,19.708024978637695,0.25,19.708024978637695,0.25787195121951223,19.708024978637695,0.0,19.708024978637695,-3.0393859354825397
0.05,0.25,0.0731798780487805,0.25709756097560976,0.05,0.25,0.0731798780487805,0.25709756097560976,19.90562677383423,0.05,19.90562677383423,0.0731798780487805,19.90562677383423,0.25,19.90562677383423,0.25709756097560976,19.90562677383423,0.0,19.90562677383423,-3.015680027903995,20.103331089019775,0.027418378310203717,0.05,0.25,0.0731798780487805,0.25709756097560976,19.90562677383423,0.05,19.90562677383423,0.0731798780487805,19.90562677383423,0.25,19.90562677383423,0.25709756097560976,19.90562677383423,0.0,19.90562677383423,-3.015680027903995
0.05,0.25,0.06775914634146342,0.25709756097560976,0.05,0.25,0.06775914634146342,0.25709756097560976,20.103331089019775,0.05,20.103331089019775,0.06775914634146342,20.103331089019775,0.25,20.103331089019775,0.25709756097560976,20.103331089019775,0.0,20.103331089019775,-3.012445363461773,,,0.05,0.25,0.06775914634146342,0.25709756097560976,20.103331089019775,0.05,20.103331089019775,0.06775914634146342,20.103331089019775,0.25,20.103331089019775,0.25709756097560976,20.103331089019775,0.0,20.103331089019775,-3.012445363461773
