Robot,Fish,Desired,Distances
"0.1570580005645752,-0.021885047536732927,0.051255319148936176,-0.3344766234424136","0.1570580005645752,0.19419101123595506,0.2648723404255319,0","0.1570580005645752,0.057852900028228765,0.08,0.0",0.3038438660789841
"0.5778791904449463,-0.022317199654278305,0.051255319148936176,-0.3255899923238114","0.5778791904449463,0.2728426966292135,0.29721276595744683,0","0.5778791904449463,0.07889395952224733,0.08,0.0",0.3842062337009161
"0.9052350521087646,-0.01842783059636992,0.04997872340425532,-0.48196555903632105","0.9052350521087646,0.3445799481417459,0.32785106382978724,0","0.9052350521087646,0.09426175260543823,0.08,0.0",0.4571517089522291
"1.2311701774597168,0.019169403630077787,0.05210638297872341,-0.22138098156764532","1.2311701774597168,0.3808807260155575,0.341468085106383,0","1.2311701774597168,0.11055850887298584,0.08,0.0",0.4632119119798937
"1.5617749691009521,0.05158081244598098,0.061042553191489365,0.02734542777129125","1.5617749691009521,0.5260838375108038,0.26061702127659575,0","1.5617749691009521,0.1270887484550476,0.08,0.0",0.5147650814761244
"1.892341136932373,0.07578133102852204,0.07508510638297872,0.21542256187961006","1.892341136932373,0.5260838375108038,0.26061702127659575,0","1.892341136932373,0.14361705684661866,0.08,0.0",0.4870261171521685
"2.222538948059082,0.09177095937770095,0.087,0.325589992323811","2.222538948059082,0.5269481417458945,0.26061702127659575,0","2.222538948059082,0.1601269474029541,0.08,0.0",0.4685318026888654
"2.5840342044830322,0.10343906655142611,0.0950851063829787,0.3084081569480055","2.5840342044830322,0.5260838375108038,0.26061702127659575,0","2.5840342044830322,0.17758826287587484,0.08,0.0",0.4539046345518544
"2.9140381813049316,0.11683578219533276,0.09934042553191488,0.19444784141255123","2.9140381813049316,0.5260838375108038,0.26061702127659575,0","2.9140381813049316,0.1937019090652466,0.08,0.0",0.4398796552632186
"3.24455189704895,0.13368971477960243,0.0997659574468085,0.0","3.24455189704895,0.5260838375108038,0.26061702127659575,0","3.24455189704895,0.21022759485244752,0.08,0.0",0.4240827894281532
"3.5726048946380615,0.1540008643042351,0.09806382978723402,-0.16722599653368997","3.5726048946380615,0.5269481417458945,0.2597659574468085,0","3.5726048946380615,0.22663024473190307,0.08,0.0",0.4064938496961294
"3.901906967163086,0.1751763180639585,0.09295744680851062,-0.28189949813988086","3.901906967163086,0.5260838375108038,0.26061702127659575,0","3.901906967163086,0.24308899180094398,0.08,0.0",0.3889033557519882
"4.234798908233643,0.19462316335350044,0.08870212765957447,-0.3438422066891524","4.234798908233643,0.22098444252376837,0.09040425531914892,0","4.234798908233643,0.2587399454116821,0.08,0.0",0.0264161745539033
"4.563462018966675,0.20888418323249786,0.08657446808510637,-0.30840815694800433","4.563462018966675,0.5260838375108038,0.26061702127659575,0","4.563462018966675,0.27517310094833375,0.08,0.0",0.3618099376685074
"4.890136241912842,0.22617026793431289,0.08529787234042552,-0.28189949813988063","4.890136241912842,0.5260838375108038,0.26061702127659575,0","4.890136241912842,0.2915068120956421,0.08,0.0",0.3473973995294376
"5.224438190460205,0.24172774416594642,0.08614893617021276,-0.22767251676590325","5.224438190460205,0.5269481417458945,0.2597659574468085,0","5.224438190460205,0.30822190952301026,0.08,0.0",0.3339064918096406
"5.553770065307617,0.25771737251512533,0.08827659574468084,-0.13975171974928746","5.553770065307617,0.5260838375108038,0.261468085106383,0","5.553770065307617,0.32417593638102216,0.08,0.0",0.3193992040090289
"5.885076999664307,0.27284269662921345,0.09168085106382977,-0.08187330697634265","5.885076999664307,0.5260838375108038,0.26061702127659575,0","5.885076999664307,0.34025384998321534,0.08,0.0",0.3044183060217734
"6.2147111892700195,0.28840017286084707,0.09508510638297872,-0.08187330697634265","6.2147111892700195,0.5260838375108038,0.26061702127659575,0","6.2147111892700195,0.356735559463501,0.08,0.0",0.2896451955233864
"6.542644023895264,0.3030933448573898,0.0972127659574468,-0.10897553858363615","6.542644023895264,0.5269481417458945,0.26061702127659575,0","6.542644023895264,0.3731322011947632,0.08,0.0",0.2771496360206871
"6.910127878189087,0.318218668971478,0.0972127659574468,-0.16722599653368997","6.910127878189087,0.5260838375108038,0.26061702127659575,0","6.910127878189087,0.3915063939094544,0.08,0.0",0.2644028724282093
"7.233642101287842,0.33464044943820226,0.09636170212765956,-0.221380981567645","7.233642101287842,0.5260838375108038,0.26061702127659575,0","7.233642101287842,0.407569964726766,0.08,0.0",0.2522506307334742
"7.567070007324219,0.35279083837510805,0.09465957446808508,-0.221380981567645","7.567070007324219,0.5260838375108038,0.26061702127659575,0","7.567070007324219,0.42335350036621094,0.08,0.0",0.2399423632888613
"7.898561000823975,0.37050907519446846,0.09465957446808508,-0.22767251676590283","7.898561000823975,0.5260838375108038,0.261468085106383,0","7.898561000823975,0.4399280500411988,0.08,0.0",0.2280977551208064
"8.229935884475708,0.38865946413137425,0.09338297872340424,-0.2549775661409406","8.229935884475708,0.5269481417458945,0.2597659574468085,0","8.229935884475708,0.45,0.08,0.0",0.216349379396488
"8.555928230285645,0.4059455488331893,0.092531914893617,-0.2549775661409414","8.555928230285645,0.5260838375108038,0.26061702127659575,0","8.555928230285645,0.45,0.08,1.571",0.2066054486071534
"8.884448051452637,0.4206387208297321,0.09168085106382977,-0.2549775661409406","8.884448051452637,0.5260838375108038,0.26061702127659575,0","8.884448051452637,0.45,0.09652105712890631,1.571",0.1991434212773333
"9.212607145309448,0.4292817631806396,0.09125531914893616,-0.28189949813987975","9.212607145309448,0.5260838375108038,0.26061702127659575,0","9.212607145309448,0.45,0.11383394575119021,1.571",0.1950744159089057
"9.546670913696289,0.43273898012100254,0.09082978723404254,-0.3084081569480049","9.546670913696289,0.5260838375108038,0.26061702127659575,0","9.546670913696289,0.45,0.1308396097819011,1.571",0.1937549154084692
"9.877959966659546,0.4387891097666379,0.09593617021276594,0.027345427771291644","9.877959966659546,0.5260838375108038,0.2597659574468085,0","9.877959966659546,0.45,0.1481015868186951,1.571",0.1856355803101326
"10.207313060760498,0.443542783059637,0.11593617021276593,0.5965542956850287","10.207313060760498,0.5260838375108038,0.26061702127659575,0","10.207313060760498,0.45,0.16507385762532553,1.571",0.1665700283198168
"10.535054922103882,0.4361961970613656,0.1342340425531915,1.1407815898390776","10.535054922103882,0.5260838375108038,0.26061702127659575,0","10.535054922103882,0.45,0.1819563345909119,1.571",0.1550885076869589
"10.86721420288086,0.42841745894554883,0.147,1.4552495995442318","10.86721420288086,0.5260838375108038,0.26061702127659575,0","10.86721420288086,0.45,0.19926858520507817,1.571",0.14982506140769
"11.195229053497314,0.42193517718236817,0.15551063829787232,1.5998041157288803","11.195229053497314,0.37742350907519445,0.3423191489361702,0","11.195229053497314,0.45,0.21596504116058354,1.571",0.1920382989004595
"11.5295250415802,0.42150302506482284,0.16827659574468085,1.455249599544232","11.5295250415802,0.37742350907519445,0.33551063829787237,0","11.5295250415802,0.45,0.23359182993570962,1.571",0.1729457392321724
"11.856823205947876,0.4253923941227312,0.18359574468085105,1.2443858130329237","11.856823205947876,0.37050907519446846,0.3261489361702128,0","11.856823205947876,0.45,0.25,1.571",0.1527533669035941
"12.185111045837402,0.4323068280034572,0.20146808510638298,1.1140533406642419","12.185111045837402,0.389523768366465,0.31253191489361704,0","12.185111045837402,0.45,0.25,-2.74",0.1190191769376268
"12.515759944915771,0.4413820224719101,0.21891489361702127,1.074401417167853","12.515759944915771,0.3938452895419188,0.2938085106382979,0","12.515759944915771,0.4181394360860188,0.2367740440368652,-2.74",0.0887062277869314
"12.846020936965942,0.44527139152981854,0.2304042553191489,1.0338200910577173","12.846020936965942,0.41199567847882457,0.2691276595744681,0","12.846020936965942,0.3871120438575744,0.2235636043548584,-2.74",0.0510565873925487
"13.174448013305664,0.44700000000000006,0.23380851063829786,1.062656841227608","13.174448013305664,0.40680985306828005,0.28019148936170213,0","13.174448013305664,0.3556618830362955,0.2101287314097086,-2.74",0.0613728655486202
"13.504925966262817,0.4305782195332757,0.24572340425531913,1.6628587574898854","13.504925966262817,0.3990311149524633,0.2963617021276596,0","13.504925966262817,0.3244178910255432,0.19620740318298338,-2.74",0.059661185194736
"13.840479135513306,0.39470959377700954,0.24359574468085105,2.607959014776806","13.840479135513306,0.3990311149524633,0.31338297872340426,0","13.840479135513306,0.2924989782969156,0.18278527641296385,-2.74",0.0699209094661961
"14.16430115699768,0.36705185825410547,0.21934042553191488,-2.886615087448853","14.16430115699768,0.40421694036300776,0.3167872340425532,0","14.16430115699768,0.26167828925450637,0.16983239555358884,-2.74",0.1042934504993984
"14.495558023452759,0.3549515989628349,0.192531914893617,-2.4831091593363883","14.495558023452759,0.4094027657735523,0.31508510638297876,0","14.495558023452759,0.22965679216384877,0.1565821208953857,-2.74",0.1341052359577236
"14.828610181808472,0.34414779602420054,0.16657446808510634,-2.3639130333068956","14.828610181808472,0.4085384615384616,0.315936170212766,0","14.828610181808472,0.19827341397603346,0.14326003456115718,-2.74",0.1626501640572218
"15.158649206161499,0.3268617113223855,0.14359574468085104,-2.4436355143430357","15.158649206161499,0.4076741573033708,0.31763829787234044,0","15.158649206161499,0.16655797783533732,0.13005847358703612,-2.74",0.191889191323644
"15.484100818634033,0.29877182368193606,0.12061702127659574,-2.659627094553472","15.484100818634033,0.41372428694900604,0.3057234042553192,0","15.484100818634033,0.13609428787231437,0.11604377651214595,-2.74",0.2178954837316113
"15.813867092132568,0.26290319792566985,0.10317021276595743,-2.9202116720221483","15.813867092132568,0.4482964563526361,0.2572127659574468,0","15.813867092132568,0.10431610234578431,0.10284975814819328,-2.74",0.2410389355766423
"16.145348072052002,0.22314520311149524,0.092531914893617,-3.0573909980499447","16.145348072052002,0.48114001728608474,0.22146808510638297,0","16.145348072052002,0.07317708746592191,0.08959051895141597,-2.74",0.2884195904062626
"16.48315715789795,0.18554796888504754,0.08572340425531914,3.1142472258185014","16.48315715789795,0.5131192739844425,0.2018936170212766,0","16.48315715789795,0.05,0.08,-2.74",0.3475607547733326
"16.807340145111084,0.14967934312878134,0.08274468085106383,3.0853844453265307","16.807340145111084,0.5347268798617113,0.19848936170212764,0","16.807340145111084,0.05,0.08,0.0",0.4020677016242558
"17.13660192489624,0.11553932584269663,0.07848936170212766,3.086942633306373","17.13660192489624,0.5347268798617113,0.1993404255319149,0","17.13660192489624,0.06646308898925779,0.08,0.0",0.4362604555460369
"17.4648699760437,0.09306741573033708,0.07593617021276595,3.032617115006158","17.4648699760437,0.5260838375108038,0.26061702127659575,0","17.4648699760437,0.08268472544352223,0.08,0.0",0.4707549662841801
"17.796569108963013,0.07923854796888505,0.07423404255319148,3.086942633306373","17.796569108963013,0.5260838375108038,0.261468085106383,0","17.796569108963013,0.0984614481925965,0.08,0.0",0.4844866349824435
"18.127367973327637,0.07707778738115818,0.07338297872340424,3.141592653589793","18.127367973327637,0.5269481417458945,0.26061702127659575,0","18.127367973327637,0.11500139141082766,0.08,0.0",0.487278075052699
"18.454411029815674,0.07189196197061366,0.08359574468085106,2.545038357904766","18.454411029815674,0.5260838375108038,0.26061702127659575,0","18.454411029815674,0.1313535442352295,0.08,0.0",0.4874697859091399
"18.783522129058838,0.09349956784788246,0.11168085106382977,1.3646802989394125","18.783522129058838,0.5260838375108038,0.2597659574468085,0","18.783522129058838,0.14780909919738774,0.08,0.0",0.4572289897767432
"19.116575002670288,0.12591097666378565,0.11040425531914892,0.3084081569480046","19.116575002670288,0.5260838375108038,0.261468085106383,0","19.116575002670288,0.16446174287796028,0.08,0.0",0.4277366002909657
"19.45088219642639,0.14406136560069144,0.09380851063829786,-0.4067712301166588","19.45088219642639,0.5260838375108038,0.261468085106383,0","19.45088219642639,0.18036529572804771,0.08,0.0",0.4171940818793238
"19.77597188949585,0.14924719101123596,0.07636170212765957,-0.8795157422914608","19.77597188949585,0.5260838375108038,0.26061702127659575,0","19.77597188949585,0.19643158721923829,0.08,0.0",0.4194709534398259
"20.108073949813843,0.15313656006914433,0.06657446808510638,-0.91986935663195","20.108073949813843,0.5260838375108038,0.26061702127659575,0","20.108073949813843,0.2130366902351379,0.08,0.0",0.4204071647822122
"20.436041116714478,0.16739757994814175,0.062319148936170216,-0.6584834942534054","20.436041116714478,0.5269481417458945,0.2597659574468085,0","20.436041116714478,0.22943504858016978,0.08,0.0",0.4101973289529276
"20.768939971923828,0.18511581676750216,0.0695531914893617,-0.19444784141255123","20.768939971923828,0.5260838375108038,0.261468085106383,0","20.768939971923828,0.24587465858459479,0.08,0.0",0.3912678335381496
"21.10012698173523,0.19808038029386343,0.08359574468085106,0.1672259965336907","21.10012698173523,0.5260838375108038,0.26061702127659575,0","21.10012698173523,0.2616393418312073,0.08,0.0",0.3727234904240036
"21.42972707748413,0.20542696629213483,0.0921063829787234,0.28189949813988113","21.42972707748413,0.5260838375108038,0.26061702127659575,0","21.42972707748413,0.27811934661865234,0.08,0.0",0.3622384080675355
"21.790091037750244,0.21795937770095072,0.09934042553191487,0.24799158043635441","21.790091037750244,0.5269481417458945,0.2597659574468085,0","21.790091037750244,0.29613754463195807,0.08,0.0",0.3481528509091927
"22.12202501296997,0.23524546240276578,0.10274468085106382,0.0842016555398475","22.12202501296997,0.5260838375108038,0.261468085106383,0","22.12202501296997,0.3127342433929444,0.08,0.0",0.3313307705207611
"22.45090413093567,0.25598876404494386,0.10146808510638296,-0.11206347983655573","22.45090413093567,0.5260838375108038,0.26061702127659575,0","22.45090413093567,0.3283663193384807,0.08,0.0",0.3134959849737134
"22.780960083007812,0.27716421780466727,0.09848936170212765,-0.254977566140941","22.780960083007812,0.5260838375108038,0.261468085106383,0","22.780960083007812,0.3446809968948364,0.08,0.0",0.2975282194299028
"23.111640214920044,0.2957467588591184,0.0950851063829787,-0.3171477911285105","23.111640214920044,0.5269481417458945,0.26061702127659575,0","23.111640214920044,0.36121500349044794,0.08,0.0",0.2843499504081289
"23.443587064743042,0.3126006914433881,0.09082978723404254,-0.3805293042682016","23.443587064743042,0.5269481417458945,0.2597659574468085,0","23.443587064743042,0.377812345981598,0.08,0.0",0.2729180445799473
"23.804584980010986,0.32902247191011236,0.08657446808510637,-0.3805293042682016","23.804584980010986,0.5260838375108038,0.26061702127659575,0","23.804584980010986,0.3958622417449952,0.08,0.0",0.2629144197905885
"24.13058114051819,0.34371564390665515,0.08444680851063828,-0.28189949813987975","24.13058114051819,0.5260838375108038,0.26061702127659575,0","24.13058114051819,0.4117512464523316,0.08,0.0",0.2535628164862564
"24.46387505531311,0.3592731201382887,0.08572340425531913,-0.2000176496890261","24.46387505531311,0.5260838375108038,0.2597659574468085,0","24.46387505531311,0.4278267455101013,0.08,0.0",0.2410739010173965
"24.793262243270874,0.37785566119273983,0.08870212765957446,-0.11206347983655573","24.793262243270874,0.5269481417458945,0.2589148936170213,0","24.793262243270874,0.44429610490798954,0.08,0.0",0.2262762768218917
"25.12466311454773,0.3942774416594641,0.0921063829787234,-0.11206347983655664","25.12466311454773,0.5260838375108038,0.2597659574468085,0","25.12466311454773,0.45,0.08,0.0",0.2132666380335645
"25.455065965652466,0.40897061365600695,0.09423404255319147,-0.08420165553984765","25.455065965652466,0.5260838375108038,0.26061702127659575,0","25.455065965652466,0.45,0.08,1.571",0.203466957539883
"25.784422874450684,0.41934226447709594,0.09551063829787233,-0.11206347983655554","25.784422874450684,0.5260838375108038,0.26061702127659575,0","25.784422874450684,0.45,0.0965657018025716,1.571",0.1966059030497998
"26.111544132232666,0.4297139152981849,0.0950851063829787,-0.19444784141255142","26.111544132232666,0.5269481417458945,0.2597659574468085,0","26.111544132232666,0.45,0.11382390832901011,1.571",0.1912440260504672
"26.44442915916443,0.43706050129645635,0.09338297872340424,-0.2549775661409406","26.44442915916443,0.5260838375108038,0.26061702127659575,0","26.44442915916443,0.45,0.13076603698730474,1.571",0.1894528420990707
"26.775464057922363,0.43922126188418326,0.09338297872340424,-0.24799158043635397","26.775464057922363,0.5260838375108038,0.26061702127659575,0","26.775464057922363,0.45,0.14801990461349487,1.571",0.1884471597906772
"27.104153156280518,0.4465678478824546,0.10529787234042552,0.2549775661409406","27.104153156280518,0.44311063094209163,0.11593617021276595,0","27.104153156280518,0.45,0.16495131683349606,1.571",0.0111859613173555
"27.435667037963867,0.44483923941227316,0.12955319148936167,0.8973139565196728","27.435667037963867,0.5260838375108038,0.261468085106383,0","27.435667037963867,0.45,0.18203005361557012,1.571",0.1549265112180023
"27.766106843948364,0.4348997407087295,0.14912765957446805,1.4306710621999115","27.766106843948364,0.5269481417458945,0.2597659574468085,0","27.766106843948364,0.45,0.19925551350911466,1.571",0.1439226913644527
"28.093026161193848,0.42841745894554883,0.15636170212765954,1.6287631693409321","28.093026161193848,0.5269481417458945,0.26061702127659575,0","28.093026161193848,0.45,0.21589800977706913,1.571",0.1434484821249388
"28.423593044281006,0.4206387208297321,0.1678510638297872,1.6304640903213925","28.423593044281006,0.5260838375108038,0.26061702127659575,0","28.423593044281006,0.45,0.23332144419352213,1.571",0.1404428549015859
"28.75022602081299,0.41934226447709594,0.18104255319148935,1.5998041157288823","28.75022602081299,0.5260838375108038,0.26061702127659575,0","28.75022602081299,0.45,0.2497580027580261,1.571",0.1331384970049534
"29.08203911781311,0.42150302506482284,0.19380851063829785,1.3984283523557213","29.08203911781311,0.5260838375108038,0.26061702127659575,0","29.08203911781311,0.45,0.25,-2.74",0.1240988453837061
"29.41288995742798,0.42841745894554883,0.212531914893617,1.1407815898390758","29.41288995742798,0.5269481417458945,0.2597659574468085,0","29.41288995742798,0.41812058830261234,0.2367659664154053,-2.74",0.109267333769151
"29.74261498451233,0.43749265341400173,0.22572340425531912,0.9674041403623274","29.74261498451233,0.5260838375108038,0.26061702127659575,0","29.74261498451233,0.387144332885742,0.22357696533203117,-2.74",0.0952153475470262
"30.074838161468506,0.44267847882454625,0.23082978723404252,0.9198693566319497","30.074838161468506,0.5260838375108038,0.26061702127659575,0","30.074838161468506,0.3553387559254963,0.20997870810826613,-2.74",0.0885648529016399
"30.40049409866333,0.4323068280034572,0.24104255319148937,1.540935867421838","30.40049409866333,0.5260838375108038,0.26061702127659575,0","30.40049409866333,0.3245493518511454,0.1962618007659912,-2.74",0.095798159235738
"30.73290205001831,0.3960060501296456,0.24444680851063832,2.4654310450691623","30.73290205001831,0.3912523768366465,0.010872340425531913,0","30.73290205001831,0.29291945966084804,0.182965482711792,-2.74",0.233622836107725
"31.064069032669067,0.3648910976663786,0.22274468085106383,-3.0018409338405045","31.064069032669067,0.38520224719101126,0.004914893617021271,0","31.064069032669067,0.2614037748972574,0.16971880340576168,-2.74",0.2187746763257581
"31.394400119781494,0.35322299049265343,0.1972127659574468,-2.5054853784949898","31.394400119781494,0.37396629213483146,0.007468085106382975,0","31.394400119781494,0.22947176980972275,0.15650555992126458,-2.74",0.1908751646346125
"31.726272106170654,0.342419187554019,0.16912765957446807,-2.3639130333068965","31.726272106170654,0.5260838375108038,0.261468085106383,0","31.726272106170654,0.1982049210866295,0.14323068046569834,-2.74",0.2055710529991112
"32.053263902664185,0.3242687986171132,0.14274468085106382,-2.4436355143430357","32.053263902664185,0.5260838375108038,0.26061702127659575,0","32.053263902664185,0.16678160413106285,0.13015100860595705,-2.74",0.2337160639773277
"32.415199995040894,0.29704321521175453,0.11976595744680849,-2.659627094553472","32.415199995040894,0.5269481417458945,0.2597659574468085,0","32.415199995040894,0.132794448534648,0.11467356491088883,-2.74",0.2691770332785996
"32.74548602104187,0.260742437337943,0.10189361702127658,-2.886615087448851","32.74548602104187,0.5260838375108038,0.26061702127659575,0","32.74548602104187,0.10107828903198264,0.1014621238708497,-2.74",0.3091911669244315
"33.07682704925537,0.2209844425237684,0.09082978723404254,-3.0597193466134507","33.07682704925537,0.5260838375108038,0.26061702127659575,0","33.07682704925537,0.06983716662724859,0.08820848274230976,-2.74",0.3491609165775514
"33.40614986419678,0.18165859982713917,0.08359574468085107,3.141592653589793","33.40614986419678,0.5269481417458945,0.26061702127659575,0","33.40614986419678,0.05,0.08,-2.74",0.3880224221949694
"33.73473000526428,0.1449256698357822,0.08061702127659574,3.0597193466134507","33.73473000526428,0.5260838375108038,0.2597659574468085,0","33.73473000526428,0.05,0.08,0.0",0.4211601715693197
"34.065510988235474,0.11121780466724288,0.07721276595744679,3.0597193466134507","34.065510988235474,0.5269481417458945,0.2589148936170213,0","34.065510988235474,0.06653904914855938,0.08,0.0",0.4537040625380664
"34.40235710144043,0.09004235090751946,0.0746595744680851,3.0018409338405045","34.40235710144043,0.5260838375108038,0.26061702127659575,0","34.40235710144043,0.08315593115488677,0.08,0.0",0.4740383423972604
"34.72526812553406,0.07578133102852204,0.07338297872340425,3.086942633306373","34.72526812553406,0.5260838375108038,0.26061702127659575,0","34.72526812553406,0.09852690601348853,0.08,0.0",0.4876770796695655
"35.05417799949646,0.07405272255834054,0.07295744680851063,3.1142472258185023","35.05417799949646,0.10776058772687988,0.011723404255319148,0","35.05417799949646,0.1149723997116088,0.08,0.0",0.0698986991411606
"35.38597297668457,0.06973120138288678,0.08785106382978722,2.403862321281031","35.38597297668457,0.0965246326707001,0.00661702127659574,0","35.38597297668457,0.1315621485710143,0.08,0.0",0.0855386323815648
"35.71685791015625,0.09522817631806398,0.11210638297872338,1.1902312470116276","35.71685791015625,0.0999818496110631,0.011723404255319148,0","35.71685791015625,0.14810639524459826,0.08,0.0",0.1004954716748968
"36.04961705207825,0.1267752808988764,0.10912765957446807,0.22767251676590214","36.04961705207825,0.07491702679343129,0.00831914893617021,0","36.04961705207825,0.16474435234069804,0.08,0.0",0.1133650490053117
"36.37750196456909,0.14276490924805535,0.08785106382978723,-0.5965542956850272","36.37750196456909,0.06368107173725152,0.00406382978723404,0","36.37750196456909,0.18032935810089096,0.08,0.0",0.1152152504833314
"36.70250082015991,0.14578997407087296,0.0721063829787234,-0.9598123778904829","36.70250082015991,0.055038029386343994,0.010872340425531913,0","36.70250082015991,0.1963885407447815,0.08,0.0",0.1094784153677329
"37.0337610244751,0.15313656006914433,0.06104255319148935,-0.9367024905385006","37.0337610244751,0.07232411408815903,0.00661702127659574,0","37.0337610244751,0.21295155096054055,0.08,0.0",0.0974309496497328
"37.367993116378784,0.166533275713051,0.062319148936170216,-0.533633638812987","37.367993116378784,0.06973120138288677,0.011723404255319148,0","37.367993116378784,0.229663155555725,0.08,0.0",0.1092271531004654
"37.6955029964447,0.18511581676750216,0.07338297872340424,0.0","37.6955029964447,0.5260838375108038,0.26061702127659575,0","37.6955029964447,0.2458360729217527,0.08,0.0",0.3889932876804108
"38.02851104736328,0.19678392394122732,0.09040425531914892,0.3344766234424134","38.02851104736328,0.5269481417458945,0.26061702127659575,0","38.02851104736328,0.26168905210494986,0.08,0.0",0.3714576643622423
"38.35381007194519,0.20326620570440795,0.09934042553191488,0.3700359997354879","38.35381007194519,0.0005868625756266233,0.007468085106382975,0","38.35381007194519,0.27795400333404535,0.08,0.0",0.2225296453652391
"38.68323516845703,0.21623076923076925,0.10487234042553191,0.22138098156764538","38.68323516845703,0.5269481417458945,0.26061702127659575,0","38.68323516845703,0.29442525815963727,0.08,0.0",0.3475653768661414
"39.01443004608154,0.23481331028522043,0.10402127659574467,0.0","39.01443004608154,-0.02188504753673293,0.011723404255319148,0","39.01443004608154,0.3109850020408628,0.08,0.0",0.2727873606805438
"39.34667921066284,0.25728522039757995,0.0997659574468085,-0.22767251676590194","39.34667921066284,-0.0331210025929127,0.010021276595744678,0","39.34667921066284,0.3268909629185993,0.08,0.0",0.3039570398800841
"39.67345213890076,0.2767320656871219,0.09380851063829786,-0.3438422066891532","39.67345213890076,-0.04954278305963699,0.009170212765957444,0","39.67345213890076,0.34293610668182367,0.08,0.0",0.3370740547586648
"40.00418519973755,0.29531460674157306,0.08870212765957446,-0.40677123011665844","40.00418519973755,-0.03225669835782195,0.010021276595744678,0","40.00418519973755,0.3594727597236631,0.08,0.0",0.3368881657889596
"40.335675954818726,0.3126006914433881,0.08444680851063828,-0.40677123011665844","40.335675954818726,-0.037442523768366466,0.007468085106382975,0","40.335675954818726,0.3760472974777221,0.08,0.0",0.3584075562439101
"40.668408155441284,0.328590319792567,0.08317021276595743,-0.3171477911285099","40.668408155441284,-0.04349265341400173,0.00831914893617021,0","40.668408155441284,0.39268390750884985,0.08,0.0",0.3795371137407921
"40.9937789440155,0.3406905790838375,0.08359574468085106,-0.16722599653369086","40.9937789440155,0.5260838375108038,0.26061702127659575,0","40.9937789440155,0.40875561714172354,0.08,0.0",0.2563341425517776
"41.32294702529907,0.3571123595505618,0.0874255319148936,-0.0842016555398466","41.32294702529907,-0.04349265341400173,0.009170212765957444,0","41.32294702529907,0.4244108510017394,0.08,0.0",0.408176764879433
"41.65588617324829,0.37396629213483146,0.092531914893617,-0.0273454277712908","41.65588617324829,0.5269481417458945,0.26061702127659575,0","41.65588617324829,0.4410578083992003,0.08,0.0",0.227279671986298
"41.987436056137085,0.38909161624891964,0.09593617021276594,-0.028126319438895566","41.987436056137085,-0.02274935177182368,0.011723404255319148,0","41.987436056137085,0.45,0.08,0.0",0.4203626682883086
"42.31833815574646,0.4020561797752809,0.09763829787234042,-0.0842016555398475","42.31833815574646,0.5260838375108038,0.26061702127659575,0","42.31833815574646,0.45,0.08,1.571",0.2048045999626004
"42.64511585235596,0.4167493517718237,0.0972127659574468,-0.16722599653368997","42.64511585235596,0.5260838375108038,0.2597659574468085,0","42.64511585235596,0.45,0.09642814381917296,1.571",0.1959019393349242
"42.97844314575195,0.42712100259291275,0.0950851063829787,-0.3171477911285105","42.97844314575195,0.5269481417458945,0.2597659574468085,0","42.97844314575195,0.45,0.11400524950027455,1.571",0.1925752850668436
"43.30396103858948,0.43662834917891097,0.09168085106382978,-0.37003599973548756","43.30396103858948,0.5260838375108038,0.26061702127659575,0","43.30396103858948,0.45,0.13056655375162735,1.571",0.1911588710964104
"43.63382411003113,0.43922126188418326,0.09125531914893617,-0.3438422066891524","43.63382411003113,0.5260838375108038,0.261468085106383,0","43.63382411003113,0.45,0.1477742977142333,1.571",0.1910955068529214
"43.9687659740448,0.4461356957649093,0.10146808510638297,0.16722599653368997","43.9687659740448,0.5260838375108038,0.26061702127659575,0","43.9687659740448,0.45,0.16502281697591134,1.571",0.1781013454545812
"44.29700684547424,0.4461356957649092,0.12785106382978723,0.8388782093922588","44.29700684547424,0.5269481417458945,0.2597659574468085,0","44.29700684547424,0.45,0.18193343448638902,1.571",0.1547003250915127
"44.625179052352905,0.43576404494382026,0.14785106382978722,1.4267219064466041","44.625179052352905,0.5260838375108038,0.26061702127659575,0","44.625179052352905,0.45,0.19903151448567685,1.571",0.1444777702217139
"44.954866886138916,0.42496024200518584,0.16061702127659572,1.686343054045563","44.954866886138916,0.5260838375108038,0.261468085106383,0","44.954866886138916,0.45,0.21582643651962263,1.571",0.1428177812584401
"45.3159921169281,0.4197744165946413,0.1695531914893617,1.6271564354206134","45.3159921169281,0.5260838375108038,0.26061702127659575,0","45.3159921169281,0.45,0.23487487792968748,1.571",0.1399796916379234
"45.64745092391968,0.42150302506482284,0.18274468085106382,1.455249599544232","45.64745092391968,0.5260838375108038,0.26061702127659575,0","45.64745092391968,0.45,0.25,1.571",0.1303888328623712
"45.9776451587677,0.42841745894554883,0.2001914893617021,1.2069207057747842","45.9776451587677,0.5269481417458945,0.2597659574468085,0","45.9776451587677,0.45,0.25,-2.74",0.1151408385444786
"46.30779504776001,0.4379248055315471,0.2172127659574468,1.100945109629046","46.30779504776001,0.5260838375108038,0.2597659574468085,0","46.30779504776001,0.4181860103607181,0.23679400444030776,-2.74",0.0978917209239366
"46.63505220413208,0.4444070872947278,0.22785106382978723,1.0338200910577173","46.63505220413208,0.5260838375108038,0.261468085106383,0","46.63505220413208,0.3874506522814435,0.2237037181854249,-2.74",0.0883243774128658
"46.96692895889282,0.4465678478824546,0.23125531914893616,0.9598123778904823","46.96692895889282,0.5260838375108038,0.26061702127659575,0","46.96692895889282,0.3556668453216557,0.21013103532791158,-2.74",0.0847638021705559
"47.33112406730652,0.4305782195332757,0.24572340425531913,1.6576252418025048","47.33112406730652,0.5260838375108038,0.2597659574468085,0","47.33112406730652,0.32116370550791434,0.19486084365844733,-2.74",0.0965324627542742
"47.66464805603027,0.3955738980121003,0.2448723404255319,2.583978245369427","47.66464805603027,0.5260838375108038,0.2597659574468085,0","47.66464805603027,0.28954639625549344,0.18151988410949718,-2.74",0.1313570102275919
"47.98690581321716,0.36532324978392394,0.2197659574468085,-2.9139201368238914","47.98690581321716,0.5260838375108038,0.261468085106383,0","47.98690581321716,0.2587714700698855,0.16862957382202157,-2.74",0.1660814078024005
"48.32194209098816,0.35322299049265343,0.192531914893617,-2.483109159336387","48.32194209098816,0.5260838375108038,0.26061702127659575,0","48.32194209098816,0.2263846298853561,0.15522812271118183,-2.74",0.1857860439941975
"48.64978218078613,0.3428513396715644,0.16444680851063828,-2.3239144333659643","48.64978218078613,0.5260838375108038,0.26061702127659575,0","48.64978218078613,0.19560054461161325,0.14211451911926282,-2.74",0.2069368456506873
"48.98078107833862,0.32470095073465866,0.13848936170212764,-2.4249963427885057","48.98078107833862,0.5269481417458945,0.2597659574468085,0","48.98078107833862,0.16370731417338055,0.12886411015192667,-2.74",0.2358218372995895
"49.309391021728516,0.29704321521175453,0.11636170212765956,-2.659627094553472","49.309391021728516,0.5260838375108038,0.26061702127659575,0","49.309391021728516,0.13293123324712156,0.11473016548156754,-2.74",0.2706828471955642
"49.64133405685425,0.2637675021607606,0.10104255319148935,-2.8936010731534387","49.64133405685425,0.5260838375108038,0.26061702127659575,0","49.64133405685425,0.10105570284525575,0.10145244407653818,-2.74",0.3070405032827443
"49.974244832992554,0.22357735522904063,0.08997872340425529,-3.0597193466134507","49.974244832992554,0.5260838375108038,0.26061702127659575,0","49.974244832992554,0.06966203149159796,0.08813601303100604,-2.74",0.3473148435112675
"50.30281615257263,0.18381936041486605,0.08359574468085107,3.141592653589793","50.30281615257263,0.5269481417458945,0.2597659574468085,0","50.30281615257263,0.05,0.08,-2.74",0.3857114263846996
"50.636265993118286,0.14578997407087296,0.08019148936170212,3.032617115006157","50.636265993118286,0.06368107173725152,0.007468085106382975,0","50.636265993118286,0.05,0.08,0.0",0.1096839339598774
"50.96515703201294,0.11208210890233364,0.07763829787234042,3.032617115006157","50.96515703201294,0.056766637856525505,0.010872340425531913,0","50.96515703201294,0.06644455194473246,0.08,0.0",0.0867034855747373
"51.29070591926575,0.0874494382022472,0.07508510638297872,2.9743666570561036","51.29070591926575,0.5165764909248055,0.0006595744680851015,0","51.29070591926575,0.0825405298868814,0.08,0.0",0.4355332216710502
"51.62033796310425,0.07621348314606742,0.07380851063829787,3.0573909980499456","51.62033796310425,0.5139835782195332,0.006148936170212768,0","51.62033796310425,0.09820359849929786,0.08,0.0",0.4429678026198221
"51.949426889419556,0.0731884183232498,0.07295744680851063,3.1142472258185023","51.949426889419556,-0.006327571305099394,0.007468085106382975,0","51.949426889419556,0.11465804481506339,0.08,0.0",0.1030128589193011
"52.282278060913086,0.07189196197061365,0.08785106382978722,2.4226086965954967","52.282278060913086,0.005772687986171136,0.010021276595744678,0","52.282278060913086,0.1313006033897399,0.08,0.0",0.1021236220133525
"52.60937309265137,0.0982532411408816,0.11295744680851062,1.2170378648014637","52.60937309265137,-0.0028703543647363855,0.00661702127659574,0","52.60937309265137,0.14765535497665394,0.08,0.0",0.1467455882481398
"52.945054054260254,0.12893604148660331,0.10870212765957446,0.19444784141255123","52.945054054260254,-0.008056179775280899,0.00661702127659574,0","52.945054054260254,0.16443940305709817,0.08,0.0",0.1708456544120719
"53.27572989463806,0.14362921348314606,0.08614893617021276,-0.5965542956850272","53.27572989463806,-0.015834917891097665,0.00831914893617021,0","53.27572989463806,0.1801749820709227,0.08,0.0",0.1774437515829689
"53.602766036987305,0.1449256698357822,0.0695531914893617,-1.0380007083029075","53.602766036987305,-0.013242005185825412,0.011723404255319148,0","53.602766036987305,0.19632500219345092,0.08,0.0",0.1684081284061891
"53.92908692359924,0.15140795159896286,0.0593404255319149,-0.9836952500936349","53.92908692359924,0.5615203111495246,0.028276595744680853,0","53.92908692359924,0.21264104652404764,0.08,0.0",0.4112871368973013
"54.26108407974243,0.16480466724286952,0.05934042553191489,-0.5576144082203648","54.26108407974243,0.5727562662057044,0.021468085106382984,0","54.26108407974243,0.2292409043312072,0.08,0.0",0.4097057740203829
"54.593395948410034,0.18511581676750216,0.07125531914893618,-0.028126319438894626","54.593395948410034,0.5718919619706136,0.023170212765957453,0","54.593395948410034,0.24566606458028134,0.08,0.0",0.3897537221811239
"54.92182993888855,0.19591961970613656,0.08827659574468084,0.3600812531686205","54.92182993888855,0.5736205704407951,0.022319148936170215,0","54.92182993888855,0.2612781972885131,0.08,0.0",0.3834167353877011
"55.25112819671631,0.2019697493517718,0.09891489361702127,0.4575011950247095","55.25112819671631,0.5736205704407951,0.023170212765957453,0","55.25112819671631,0.27774311017990105,0.08,0.0",0.3792909035204703
"55.58496904373169,0.21450216076058773,0.10444680851063828,0.24799158043635527","55.58496904373169,0.5260838375108038,0.26061702127659575,0","55.58496904373169,0.29443515253067,0.08,0.0",0.3485287314438231
"55.91415500640869,0.23135609334485738,0.10359574468085105,0.027345427771291692","55.91415500640869,0.389523768366465,0.011723404255319148,0","55.91415500640869,0.31089445066452004,0.08,0.0",0.1829140244951319
"56.24379801750183,0.25469230769230766,0.09934042553191488,-0.2000176496890261","56.24379801750183,0.41199567847882457,0.010872340425531913,0","56.24379801750183,0.32668482780456526,0.08,0.0",0.1804742434343212
"56.572248220443726,0.2762999135695765,0.09338297872340423,-0.3084081569480052","56.572248220443726,0.5269481417458945,0.2597659574468085,0","56.572248220443726,0.34279911136627195,0.08,0.0",0.3008451925771798
"56.90027403831482,0.29531460674157306,0.08912765957446808,-0.3805293042682007","56.90027403831482,0.5260838375108038,0.261468085106383,0","56.90027403831482,0.35920040225982647,0.08,0.0",0.2880202425912873
"57.23043203353882,0.3117363872082973,0.08572340425531913,-0.3805293042682007","57.23043203353882,0.5260838375108038,0.261468085106383,0","57.23043203353882,0.37570830202102656,0.08,0.0",0.2771840945989285
"57.564821004867554,0.3264295592048401,0.08444680851063828,-0.28189949813987975","57.564821004867554,0.5260838375108038,0.2597659574468085,0","57.564821004867554,0.3924277505874631,0.08,0.0",0.2657040361559798
"57.894075870513916,0.3411227312013829,0.0848723404255319,-0.14380641868951785","57.894075870513916,0.5260838375108038,0.2597659574468085,0","57.894075870513916,0.40869779427846264,0.08,0.0",0.2545552751800478
"58.257734060287476,0.3579766637856525,0.08785106382978723,-0.10605259045411315","58.257734060287476,0.5260838375108038,0.261468085106383,0","58.257734060287476,0.4260734033584594,0.08,0.0",0.241666902853527
"58.59362316131592,0.37439844425237684,0.09168085106382977,-0.0842016555398475","58.59362316131592,0.5260838375108038,0.261468085106383,0","58.59362316131592,0.44286785840988147,0.08,0.0",0.2276755660403293
"58.92263412475586,0.39082022471910116,0.09423404255319147,-0.08420165553984765","58.92263412475586,0.5260838375108038,0.261468085106383,0","58.92263412475586,0.45,0.08,0.0",0.2150894463569664
"59.251726150512695,0.40594554883318934,0.09593617021276594,-0.08187330697634265","59.251726150512695,0.525219533275713,0.261468085106383,0","59.251726150512695,0.45,0.08,1.571",0.2040271996895096
"59.581401109695435,0.41761365600691447,0.09593617021276594,-0.13975171974928774","59.581401109695435,0.525219533275713,0.261468085106383,0","59.581401109695435,0.45,0.09658266448974588,1.571",0.1974331270864527
"59.916171073913574,0.4288496110630942,0.09423404255319147,-0.24799158043635397","59.916171073913574,0.5260838375108038,0.26061702127659575,0","59.916171073913574,0.45,0.11422224617004383,1.571",0.1927116768692475
"60.24412798881531,0.43706050129645635,0.09168085106382978,-0.3084081569480052","60.24412798881531,0.5329982713915298,0.2274255319148936,0","60.24412798881531,0.45,0.13092809804280572,1.571",0.1662247698454485
"60.57264304161072,0.43922126188418326,0.09082978723404254,-0.317147791128509","60.57264304161072,0.5260838375108038,0.261468085106383,0","60.57264304161072,0.45,0.14804584455490102,1.571",0.1914746347307129
"60.9070999622345,0.447,0.10104255319148935,0.13975171974928746","60.9070999622345,0.5338625756266205,0.22827659574468082,0","60.9070999622345,0.45,0.16528660329182931,1.571",0.1540571602650059
"61.23383712768555,0.4474321521175454,0.12742553191489359,0.7980889481276248","61.23383712768555,0.5338625756266205,0.22827659574468082,0","61.23383712768555,0.45,0.18210554885864244,1.571",0.1328200104786846
"61.56798005104065,0.4361961970613656,0.14827659574468083,1.3934628633850468","61.56798005104065,0.525219533275713,0.261468085106383,0","61.56798005104065,0.45,0.19953354136149062,1.571",0.1440050959329324
"61.893839836120605,0.4253923941227312,0.16019148936170213,1.7109215913898819","61.893839836120605,0.5312696629213483,0.2376382978723404,0","61.893839836120605,0.45,0.21610568428039534,1.571",0.131179282650646
"62.22668814659119,0.4180458081244598,0.1678510638297872,1.7481297902047463","62.22668814659119,0.5338625756266205,0.2291276595744681,0","62.22668814659119,0.45,0.23366463979085283,1.571",0.1310280306678941
"62.5572669506073,0.4184779602420052,0.1801914893617021,1.541788537860911","62.5572669506073,0.525219533275713,0.2623191489361702,0","62.5572669506073,0.45,0.25,1.571",0.1346800500478452
"62.880635023117065,0.4240959377700951,0.1967872340425532,1.2805387011890677","62.880635023117065,0.525219533275713,0.261468085106383,0","62.880635023117065,0.45,0.25,-2.74",0.1200399686034829
"63.21198606491089,0.43576404494382026,0.2150851063829787,1.1140533406642412","63.21198606491089,0.525219533275713,0.261468085106383,0","63.21198606491089,0.41807390276591017,0.2367459583282472,-2.74",0.1007653963816605
"63.5437331199646,0.44267847882454625,0.2265744680851064,0.9674041403623274","63.5437331199646,0.525219533275713,0.261468085106383,0","63.5437331199646,0.3869005173047386,0.22347607612609874,-2.74",0.0896135602391624
"63.875341176986694,0.4465678478824546,0.2304042553191489,0.8795157422914628","63.875341176986694,0.525219533275713,0.261468085106383,0","63.875341176986694,0.3551607589721684,0.2098960666656496,-2.74",0.0845638760715847
"64.20245623588562,0.433171132238548,0.24402127659574468,1.541788537860911","64.20245623588562,0.5355911840968021,0.22997872340425532,0","64.20245623588562,0.3242239494323732,0.19612715148925788,-2.74",0.1033782391162824
"64.53119802474976,0.399895419187554,0.24827659574468086,2.424996342788505","64.53119802474976,0.525219533275713,0.2623191489361702,0","64.53119802474976,0.2929474531809488,0.18297747993469232,-2.74",0.1261083933452397
"64.86427807807922,0.36791616248919623,0.22657446808510637,-3.032617115006159","64.86427807807922,0.5355911840968021,0.22827659574468082,0","64.86427807807922,0.26124783802032514,0.16965427780151385,-2.74",0.1676836608309843
"65.19352984428406,0.3545194468452896,0.1976382978723404,-2.465431045069163","65.19352984428406,0.5260838375108038,0.261468085106383,0","65.19352984428406,0.2294201672871914,0.15648420715332056,-2.74",0.1830534945931716
"65.52120614051819,0.3450121002592913,0.16870212765957443,-2.3027144441975347","65.52120614051819,0.532133967156439,0.22827659574468082,0","65.52120614051819,0.19854669570922884,0.1433771553039552,-2.74",0.1963764505196517
"65.85441994667053,0.32902247191011236,0.14189361702127656,-2.3835100987571067","65.85441994667053,0.525219533275713,0.2623191489361702,0","65.85441994667053,0.16653412405649823,0.13004860305786134,-2.74",0.2302077227755019
"66.18472409248352,0.3013647363872083,0.11763829787234041,-2.6079590147768053","66.18472409248352,0.525219533275713,0.261468085106383,0","66.18472409248352,0.13560472329457576,0.11583643722534169,-2.74",0.2660788939126582
"66.51712012290955,0.2693854796888505,0.10061702127659573,-2.859693155449913","66.51712012290955,0.5260838375108038,0.261468085106383,0","66.51712012290955,0.10359472401936926,0.10254059600830111,-2.74",0.3029308694135708
"66.84223484992981,0.22789887640449438,0.08912765957446807,-3.0597193466134507","66.84223484992981,0.525219533275713,0.2623191489361702,0","66.84223484992981,0.07304535007476856,0.08953600692749043,-2.74",0.3440855489404598
"67.17144203186035,0.18900518582541054,0.08402127659574468,3.1142472258185023","67.17144203186035,0.525219533275713,0.2623191489361702,0","67.17144203186035,0.05,0.08,-2.74",0.3805656562441695
